Kind Of Sample,Cust ID,Name,Company,Address 1,Address 2,City,State,Zip,Date Recd,Date Rept,Lab No,Grower,Field ID,Sample ID,Plant Type,Plant Stage,% N,% P,% K,% S,% Ca,% Mg,ppm Zn,ppm Fe,ppm Mn,ppm Cu,ppm B,% Cl,% Na,ppm Al,ppm Mo,ppm NO3-N,ppm PO4-P,Acetic Acid % K,Stalk Nitrate ppm NO3-N,ppm Se,Total Carbon %C,Dry Matter %,Total Dry Matter g,Biomass Wt g,Ash %,Cobalt ppm Co,Biomass T/A,Carbon Lbs/A,Nitrogen Lbs/A,Phosphorus Lbs/A,Potassium Lbs/A,Calcium Lbs/A,Magnesium Lbs/A,Sulfur Lbs/A,Chloride Lbs/A,Zinc Lbs/A,Iron Lbs/A,Manganese Lbs/A,Copper Lbs/A,Boron Lbs/A,Molybdenum Lbs/A,Fat (Oil) %
P,18320,THOMPSON ASHLEY,WASCO COUNTY EXTENSION,400 E SCENIC DR ,STE 2-278,THE DALLES,OR,97058,8/19/2021,8/21/2021,61697,ASHLEY THOMPSON,APPLE LEAF,570 8-12-2021,No Type,No Stage,1.347,,,,,,,,,,,,,,,,,,,,,,,,,,,,,,,,,,,,,,,,,
P,18320,THOMPSON ASHLEY,WASCO COUNTY EXTENSION,400 E SCENIC DR ,STE 2-278,THE DALLES,OR,97058,8/19/2021,8/21/2021,61694,ASHLEY THOMPSON,APPLE LEAF,568A 8-12-2021,No Type,No Stage,1.551,,,,,,,,,,,,,,,,,,,,,,,,,,,,,,,,,,,,,,,,,
P,18320,THOMPSON ASHLEY,WASCO COUNTY EXTENSION,400 E SCENIC DR ,STE 2-278,THE DALLES,OR,97058,8/19/2021,8/21/2021,61736,ASHLEY THOMPSON,APPLE LEAF,589A 8-12-2021,No Type,No Stage,1.602,,,,,,,,,,,,,,,,,,,,,,,,,,,,,,,,,,,,,,,,,
P,18320,THOMPSON ASHLEY,WASCO COUNTY EXTENSION,400 E SCENIC DR ,STE 2-278,THE DALLES,OR,97058,8/19/2021,8/21/2021,61698,ASHLEY THOMPSON,APPLE LEAF,570A 8-12-2021,No Type,No Stage,1.635,,,,,,,,,,,,,,,,,,,,,,,,,,,,,,,,,,,,,,,,,
P,18320,THOMPSON ASHLEY,WASCO COUNTY EXTENSION,400 E SCENIC DR ,STE 2-278,THE DALLES,OR,97058,8/19/2021,8/21/2021,61566,ASHLEY THOMPSON,APPLE LEAF,297 8-12-2021,No Type,No Stage,1.651,,,,,,,,,,,,,,,,,,,,,,,,,,,,,,,,,,,,,,,,,
P,18320,THOMPSON ASHLEY,WASCO COUNTY EXTENSION,400 E SCENIC DR ,STE 2-278,THE DALLES,OR,97058,9/2/2021,9/7/2021,8149,ASHLEY THOMPSON,APPLE LEAF,539A,Apple,Mid Season,1.72,,,,,,,,,,,,,,,,,,,,,,,,,,,,,,,,,,,,,,,,,
P,18320,THOMPSON ASHLEY,WASCO COUNTY EXTENSION,400 E SCENIC DR ,STE 2-278,THE DALLES,OR,97058,8/19/2021,8/21/2021,61692,ASHLEY THOMPSON,APPLE LEAF,567A 8-12-2021,No Type,No Stage,1.721,,,,,,,,,,,,,,,,,,,,,,,,,,,,,,,,,,,,,,,,,
P,18320,THOMPSON ASHLEY,WASCO COUNTY EXTENSION,400 E SCENIC DR ,STE 2-278,THE DALLES,OR,97058,8/19/2021,8/21/2021,61734,ASHLEY THOMPSON,APPLE LEAF,588A 8-12-2021,No Type,No Stage,1.736,,,,,,,,,,,,,,,,,,,,,,,,,,,,,,,,,,,,,,,,,
P,18320,THOMPSON ASHLEY,WASCO COUNTY EXTENSION,400 E SCENIC DR ,STE 2-278,THE DALLES,OR,97058,8/19/2021,8/21/2021,61695,ASHLEY THOMPSON,APPLE LEAF,569 8-12-2021,No Type,No Stage,1.75,,,,,,,,,,,,,,,,,,,,,,,,,,,,,,,,,,,,,,,,,
P,18320,THOMPSON ASHLEY,WASCO COUNTY EXTENSION,400 E SCENIC DR ,STE 2-278,THE DALLES,OR,97058,8/19/2021,8/21/2021,61720,ASHLEY THOMPSON,APPLE LEAF,581A 8-12-2021,No Type,No Stage,1.752,,,,,,,,,,,,,,,,,,,,,,,,,,,,,,,,,,,,,,,,,
P,18320,THOMPSON ASHLEY,WASCO COUNTY EXTENSION,400 E SCENIC DR ,STE 2-278,THE DALLES,OR,97058,8/19/2021,8/21/2021,61640,ASHLEY THOMPSON,APPLE LEAF,541 8-12-2021,No Type,No Stage,1.765,,,,,,,,,,,,,,,,,,,,,,,,,,,,,,,,,,,,,,,,,
P,18320,THOMPSON ASHLEY,WASCO COUNTY EXTENSION,400 E SCENIC DR ,STE 2-278,THE DALLES,OR,97058,8/19/2021,8/21/2021,61733,ASHLEY THOMPSON,APPLE LEAF,588 8-12-2021,No Type,No Stage,1.767,,,,,,,,,,,,,,,,,,,,,,,,,,,,,,,,,,,,,,,,,
P,18320,THOMPSON ASHLEY,WASCO COUNTY EXTENSION,400 E SCENIC DR ,STE 2-278,THE DALLES,OR,97058,8/19/2021,8/21/2021,61732,ASHLEY THOMPSON,APPLE LEAF,587A 8-12-2021,No Type,No Stage,1.771,,,,,,,,,,,,,,,,,,,,,,,,,,,,,,,,,,,,,,,,,
P,18320,THOMPSON ASHLEY,WASCO COUNTY EXTENSION,400 E SCENIC DR ,STE 2-278,THE DALLES,OR,97058,8/19/2021,8/21/2021,61701,ASHLEY THOMPSON,APPLE LEAF,572 8-12-2021,No Type,No Stage,1.839,,,,,,,,,,,,,,,,,,,,,,,,,,,,,,,,,,,,,,,,,
P,18320,THOMPSON ASHLEY,WASCO COUNTY EXTENSION,400 E SCENIC DR ,STE 2-278,THE DALLES,OR,97058,8/19/2021,8/21/2021,61735,ASHLEY THOMPSON,APPLE LEAF,589 8-12-2021,No Type,No Stage,1.883,,,,,,,,,,,,,,,,,,,,,,,,,,,,,,,,,,,,,,,,,
P,18320,THOMPSON ASHLEY,WASCO COUNTY EXTENSION,400 E SCENIC DR ,STE 2-278,THE DALLES,OR,97058,8/19/2021,8/21/2021,61673,ASHLEY THOMPSON,APPLE LEAF,558 8-12-2021,No Type,No Stage,1.893,,,,,,,,,,,,,,,,,,,,,,,,,,,,,,,,,,,,,,,,,
P,18320,THOMPSON ASHLEY,WASCO COUNTY EXTENSION,400 E SCENIC DR ,STE 2-278,THE DALLES,OR,97058,8/19/2021,8/21/2021,61691,ASHLEY THOMPSON,APPLE LEAF,567 8-12-2021,No Type,No Stage,1.896,,,,,,,,,,,,,,,,,,,,,,,,,,,,,,,,,,,,,,,,,
P,18320,THOMPSON ASHLEY,WASCO COUNTY EXTENSION,400 E SCENIC DR ,STE 2-278,THE DALLES,OR,97058,8/19/2021,8/21/2021,61416,ASHLEY THOMPSON,APPLE LEAF,220A 8-12-2021,No Type,No Stage,1.915,,,,,,,,,,,,,,,,,,,,,,,,,,,,,,,,,,,,,,,,,
P,18320,THOMPSON ASHLEY,WASCO COUNTY EXTENSION,400 E SCENIC DR ,STE 2-278,THE DALLES,OR,97058,8/19/2021,8/21/2021,61699,ASHLEY THOMPSON,APPLE LEAF,571 8-12-2021,No Type,No Stage,1.917,,,,,,,,,,,,,,,,,,,,,,,,,,,,,,,,,,,,,,,,,
P,18320,THOMPSON ASHLEY,WASCO COUNTY EXTENSION,400 E SCENIC DR ,STE 2-278,THE DALLES,OR,97058,8/19/2021,8/21/2021,61696,ASHLEY THOMPSON,APPLE LEAF,569A 8-12-2021,No Type,No Stage,1.932,,,,,,,,,,,,,,,,,,,,,,,,,,,,,,,,,,,,,,,,,
P,18320,THOMPSON ASHLEY,WASCO COUNTY EXTENSION,400 E SCENIC DR ,STE 2-278,THE DALLES,OR,97058,8/19/2021,8/21/2021,61723,ASHLEY THOMPSON,APPLE LEAF,583 8-12-2021,No Type,No Stage,1.954,,,,,,,,,,,,,,,,,,,,,,,,,,,,,,,,,,,,,,,,,
P,18320,THOMPSON ASHLEY,WASCO COUNTY EXTENSION,400 E SCENIC DR ,STE 2-278,THE DALLES,OR,97058,8/19/2021,8/21/2021,61414,ASHLEY THOMPSON,APPLE LEAF,219A 8-12-2021,No Type,No Stage,1.957,,,,,,,,,,,,,,,,,,,,,,,,,,,,,,,,,,,,,,,,,
P,18320,THOMPSON ASHLEY,WASCO COUNTY EXTENSION,400 E SCENIC DR ,STE 2-278,THE DALLES,OR,97058,8/19/2021,8/21/2021,61553,ASHLEY THOMPSON,APPLE LEAF,290A 8-12-2021,No Type,No Stage,1.957,,,,,,,,,,,,,,,,,,,,,,,,,,,,,,,,,,,,,,,,,
P,18320,THOMPSON ASHLEY,WASCO COUNTY EXTENSION,400 E SCENIC DR ,STE 2-278,THE DALLES,OR,97058,8/19/2021,8/21/2021,61659,ASHLEY THOMPSON,APPLE LEAF,550 8-12-2021,No Type,No Stage,1.96,,,,,,,,,,,,,,,,,,,,,,,,,,,,,,,,,,,,,,,,,
P,18320,THOMPSON ASHLEY,WASCO COUNTY EXTENSION,400 E SCENIC DR ,STE 2-278,THE DALLES,OR,97058,8/19/2021,8/21/2021,61693,ASHLEY THOMPSON,APPLE LEAF,568 8-12-2021,No Type,No Stage,1.979,,,,,,,,,,,,,,,,,,,,,,,,,,,,,,,,,,,,,,,,,
P,18320,THOMPSON ASHLEY,WASCO COUNTY EXTENSION,400 E SCENIC DR ,STE 2-278,THE DALLES,OR,97058,8/19/2021,8/21/2021,61731,ASHLEY THOMPSON,APPLE LEAF,587 8-12-2021,No Type,No Stage,1.993,,,,,,,,,,,,,,,,,,,,,,,,,,,,,,,,,,,,,,,,,
P,18320,THOMPSON ASHLEY,WASCO COUNTY EXTENSION,400 E SCENIC DR ,STE 2-278,THE DALLES,OR,97058,8/19/2021,8/21/2021,61507,ASHLEY THOMPSON,APPLE LEAF,266A 8-12-2021,No Type,No Stage,2.014,,,,,,,,,,,,,,,,,,,,,,,,,,,,,,,,,,,,,,,,,
P,18320,THOMPSON ASHLEY,WASCO COUNTY EXTENSION,400 E SCENIC DR ,STE 2-278,THE DALLES,OR,97058,9/2/2021,9/7/2021,8132,ASHLEY THOMPSON,APPLE LEAF,289,Apple,Mid Season,2.02,,,,,,,,,,,,,,,,,,,,,,,,,,,,,,,,,,,,,,,,,
P,18320,THOMPSON ASHLEY,WASCO COUNTY EXTENSION,400 E SCENIC DR ,STE 2-278,THE DALLES,OR,97058,8/19/2021,8/21/2021,61554,ASHLEY THOMPSON,APPLE LEAF,291 8-12-2021,No Type,No Stage,2.021,,,,,,,,,,,,,,,,,,,,,,,,,,,,,,,,,,,,,,,,,
P,18320,THOMPSON ASHLEY,WASCO COUNTY EXTENSION,400 E SCENIC DR ,STE 2-278,THE DALLES,OR,97058,8/19/2021,8/21/2021,61700,ASHLEY THOMPSON,APPLE LEAF,571A 8-12-2021,No Type,No Stage,2.026,,,,,,,,,,,,,,,,,,,,,,,,,,,,,,,,,,,,,,,,,
P,18320,THOMPSON ASHLEY,WASCO COUNTY EXTENSION,400 E SCENIC DR ,STE 2-278,THE DALLES,OR,97058,8/19/2021,8/21/2021,61475,ASHLEY THOMPSON,APPLE LEAF,250A 8-12-2021,No Type,No Stage,2.034,,,,,,,,,,,,,,,,,,,,,,,,,,,,,,,,,,,,,,,,,
P,18320,THOMPSON ASHLEY,WASCO COUNTY EXTENSION,400 E SCENIC DR ,STE 2-278,THE DALLES,OR,97058,8/19/2021,8/21/2021,61746,ASHLEY THOMPSON,APPLE LEAF,594A 8-12-2021,No Type,No Stage,2.036,,,,,,,,,,,,,,,,,,,,,,,,,,,,,,,,,,,,,,,,,
P,18320,THOMPSON ASHLEY,WASCO COUNTY EXTENSION,400 E SCENIC DR ,STE 2-278,THE DALLES,OR,97058,8/19/2021,8/21/2021,61702,ASHLEY THOMPSON,APPLE LEAF,572A 8-12-2021,No Type,No Stage,2.043,,,,,,,,,,,,,,,,,,,,,,,,,,,,,,,,,,,,,,,,,
P,18320,THOMPSON ASHLEY,WASCO COUNTY EXTENSION,400 E SCENIC DR ,STE 2-278,THE DALLES,OR,97058,8/19/2021,8/21/2021,61742,ASHLEY THOMPSON,APPLE LEAF,592A 8-12-2021,No Type,No Stage,2.043,,,,,,,,,,,,,,,,,,,,,,,,,,,,,,,,,,,,,,,,,
P,18320,THOMPSON ASHLEY,WASCO COUNTY EXTENSION,400 E SCENIC DR ,STE 2-278,THE DALLES,OR,97058,8/19/2021,8/21/2021,61564,ASHLEY THOMPSON,APPLE LEAF,296 8-12-2021,No Type,No Stage,2.044,,,,,,,,,,,,,,,,,,,,,,,,,,,,,,,,,,,,,,,,,
P,18320,THOMPSON ASHLEY,WASCO COUNTY EXTENSION,400 E SCENIC DR ,STE 2-278,THE DALLES,OR,97058,8/19/2021,8/21/2021,61717,ASHLEY THOMPSON,APPLE LEAF,580 8-12-2021,No Type,No Stage,2.051,,,,,,,,,,,,,,,,,,,,,,,,,,,,,,,,,,,,,,,,,
P,18320,THOMPSON ASHLEY,WASCO COUNTY EXTENSION,400 E SCENIC DR ,STE 2-278,THE DALLES,OR,97058,8/19/2021,8/21/2021,61546,ASHLEY THOMPSON,APPLE LEAF,287 8-12-2021,No Type,No Stage,2.054,,,,,,,,,,,,,,,,,,,,,,,,,,,,,,,,,,,,,,,,,
P,18320,THOMPSON ASHLEY,WASCO COUNTY EXTENSION,400 E SCENIC DR ,STE 2-278,THE DALLES,OR,97058,8/19/2021,8/21/2021,61672,ASHLEY THOMPSON,APPLE LEAF,557A 8-12-2021,No Type,No Stage,2.074,,,,,,,,,,,,,,,,,,,,,,,,,,,,,,,,,,,,,,,,,
P,18320,THOMPSON ASHLEY,WASCO COUNTY EXTENSION,400 E SCENIC DR ,STE 2-278,THE DALLES,OR,97058,9/2/2021,9/7/2021,8143,ASHLEY THOMPSON,APPLE LEAF,504A,Apple,Mid Season,2.074,,,,,,,,,,,,,,,,,,,,,,,,,,,,,,,,,,,,,,,,,
P,18320,THOMPSON ASHLEY,WASCO COUNTY EXTENSION,400 E SCENIC DR ,STE 2-278,THE DALLES,OR,97058,8/19/2021,8/21/2021,61658,ASHLEY THOMPSON,APPLE LEAF,549A 8-12-2021,No Type,No Stage,2.077,,,,,,,,,,,,,,,,,,,,,,,,,,,,,,,,,,,,,,,,,
P,18320,THOMPSON ASHLEY,WASCO COUNTY EXTENSION,400 E SCENIC DR ,STE 2-278,THE DALLES,OR,97058,8/19/2021,8/21/2021,61613,ASHLEY THOMPSON,APPLE LEAF,525A 8-12-2021,No Type,No Stage,2.079,,,,,,,,,,,,,,,,,,,,,,,,,,,,,,,,,,,,,,,,,
P,18320,THOMPSON ASHLEY,WASCO COUNTY EXTENSION,400 E SCENIC DR ,STE 2-278,THE DALLES,OR,97058,8/19/2021,8/21/2021,61415,ASHLEY THOMPSON,APPLE LEAF,220 8-12-2021,No Type,No Stage,2.092,,,,,,,,,,,,,,,,,,,,,,,,,,,,,,,,,,,,,,,,,
P,18320,THOMPSON ASHLEY,WASCO COUNTY EXTENSION,400 E SCENIC DR ,STE 2-278,THE DALLES,OR,97058,8/19/2021,8/21/2021,61727,ASHLEY THOMPSON,APPLE LEAF,585 8-12-2021,No Type,No Stage,2.094,,,,,,,,,,,,,,,,,,,,,,,,,,,,,,,,,,,,,,,,,
P,18320,THOMPSON ASHLEY,WASCO COUNTY EXTENSION,400 E SCENIC DR ,STE 2-278,THE DALLES,OR,97058,8/19/2021,8/21/2021,61674,ASHLEY THOMPSON,APPLE LEAF,558A 8-12-2021,No Type,No Stage,2.096,,,,,,,,,,,,,,,,,,,,,,,,,,,,,,,,,,,,,,,,,
P,18320,THOMPSON ASHLEY,WASCO COUNTY EXTENSION,400 E SCENIC DR ,STE 2-278,THE DALLES,OR,97058,9/2/2021,9/7/2021,8138,ASHLEY THOMPSON,APPLE LEAF,300,Apple,Mid Season,2.096,,,,,,,,,,,,,,,,,,,,,,,,,,,,,,,,,,,,,,,,,
P,18320,THOMPSON ASHLEY,WASCO COUNTY EXTENSION,400 E SCENIC DR ,STE 2-278,THE DALLES,OR,97058,8/19/2021,8/21/2021,61586,ASHLEY THOMPSON,APPLE LEAF,512 8-12-2021,No Type,No Stage,2.098,,,,,,,,,,,,,,,,,,,,,,,,,,,,,,,,,,,,,,,,,
P,18320,THOMPSON ASHLEY,WASCO COUNTY EXTENSION,400 E SCENIC DR ,STE 2-278,THE DALLES,OR,97058,8/19/2021,8/21/2021,61604,ASHLEY THOMPSON,APPLE LEAF,521 8-12-2021,No Type,No Stage,2.1,,,,,,,,,,,,,,,,,,,,,,,,,,,,,,,,,,,,,,,,,
P,18320,THOMPSON ASHLEY,WASCO COUNTY EXTENSION,400 E SCENIC DR ,STE 2-278,THE DALLES,OR,97058,8/19/2021,8/21/2021,61559,ASHLEY THOMPSON,APPLE LEAF,293A 8-12-2021,No Type,No Stage,2.104,,,,,,,,,,,,,,,,,,,,,,,,,,,,,,,,,,,,,,,,,
P,18320,THOMPSON ASHLEY,WASCO COUNTY EXTENSION,400 E SCENIC DR ,STE 2-278,THE DALLES,OR,97058,9/2/2021,9/7/2021,8141,ASHLEY THOMPSON,APPLE LEAF,503A,Apple,Mid Season,2.117,,,,,,,,,,,,,,,,,,,,,,,,,,,,,,,,,,,,,,,,,
P,18320,THOMPSON ASHLEY,WASCO COUNTY EXTENSION,400 E SCENIC DR ,STE 2-278,THE DALLES,OR,97058,8/19/2021,8/21/2021,61724,ASHLEY THOMPSON,APPLE LEAF,583A 8-12-2021,No Type,No Stage,2.118,,,,,,,,,,,,,,,,,,,,,,,,,,,,,,,,,,,,,,,,,
P,18320,THOMPSON ASHLEY,WASCO COUNTY EXTENSION,400 E SCENIC DR ,STE 2-278,THE DALLES,OR,97058,8/19/2021,8/21/2021,61472,ASHLEY THOMPSON,APPLE LEAF,249 8-12-2021,No Type,No Stage,2.121,,,,,,,,,,,,,,,,,,,,,,,,,,,,,,,,,,,,,,,,,
P,18320,THOMPSON ASHLEY,WASCO COUNTY EXTENSION,400 E SCENIC DR ,STE 2-278,THE DALLES,OR,97058,8/19/2021,8/21/2021,61725,ASHLEY THOMPSON,APPLE LEAF,584 8-12-2021,No Type,No Stage,2.123,,,,,,,,,,,,,,,,,,,,,,,,,,,,,,,,,,,,,,,,,
P,18320,THOMPSON ASHLEY,WASCO COUNTY EXTENSION,400 E SCENIC DR ,STE 2-278,THE DALLES,OR,97058,8/19/2021,8/21/2021,61439,ASHLEY THOMPSON,APPLE LEAF,232 8-12-2021,No Type,No Stage,2.129,,,,,,,,,,,,,,,,,,,,,,,,,,,,,,,,,,,,,,,,,
P,18320,THOMPSON ASHLEY,WASCO COUNTY EXTENSION,400 E SCENIC DR ,STE 2-278,THE DALLES,OR,97058,8/19/2021,8/21/2021,61528,ASHLEY THOMPSON,APPLE LEAF,278 8-12-2021,No Type,No Stage,2.131,,,,,,,,,,,,,,,,,,,,,,,,,,,,,,,,,,,,,,,,,
P,18320,THOMPSON ASHLEY,WASCO COUNTY EXTENSION,400 E SCENIC DR ,STE 2-278,THE DALLES,OR,97058,8/19/2021,8/21/2021,61594,ASHLEY THOMPSON,APPLE LEAF,516 8-12-2021,No Type,No Stage,2.131,,,,,,,,,,,,,,,,,,,,,,,,,,,,,,,,,,,,,,,,,
P,18320,THOMPSON ASHLEY,WASCO COUNTY EXTENSION,400 E SCENIC DR ,STE 2-278,THE DALLES,OR,97058,8/19/2021,8/21/2021,61714,ASHLEY THOMPSON,APPLE LEAF,578A 8-12-2021,No Type,No Stage,2.131,,,,,,,,,,,,,,,,,,,,,,,,,,,,,,,,,,,,,,,,,
P,18320,THOMPSON ASHLEY,WASCO COUNTY EXTENSION,400 E SCENIC DR ,STE 2-278,THE DALLES,OR,97058,8/19/2021,8/21/2021,61745,ASHLEY THOMPSON,APPLE LEAF,594 8-12-2021,No Type,No Stage,2.139,,,,,,,,,,,,,,,,,,,,,,,,,,,,,,,,,,,,,,,,,
P,18320,THOMPSON ASHLEY,WASCO COUNTY EXTENSION,400 E SCENIC DR ,STE 2-278,THE DALLES,OR,97058,8/19/2021,8/21/2021,61499,ASHLEY THOMPSON,APPLE LEAF,262A 8-12-2021,No Type,No Stage,2.142,,,,,,,,,,,,,,,,,,,,,,,,,,,,,,,,,,,,,,,,,
P,18320,THOMPSON ASHLEY,WASCO COUNTY EXTENSION,400 E SCENIC DR ,STE 2-278,THE DALLES,OR,97058,8/19/2021,8/21/2021,61463,ASHLEY THOMPSON,APPLE LEAF,244 8-12-2021,No Type,No Stage,2.143,,,,,,,,,,,,,,,,,,,,,,,,,,,,,,,,,,,,,,,,,
P,18320,THOMPSON ASHLEY,WASCO COUNTY EXTENSION,400 E SCENIC DR ,STE 2-278,THE DALLES,OR,97058,9/2/2021,9/7/2021,8139,ASHLEY THOMPSON,APPLE LEAF,300A,Apple,Mid Season,2.144,,,,,,,,,,,,,,,,,,,,,,,,,,,,,,,,,,,,,,,,,
P,18320,THOMPSON ASHLEY,WASCO COUNTY EXTENSION,400 E SCENIC DR ,STE 2-278,THE DALLES,OR,97058,8/19/2021,8/21/2021,61547,ASHLEY THOMPSON,APPLE LEAF,287A 8-12-2021,No Type,No Stage,2.147,,,,,,,,,,,,,,,,,,,,,,,,,,,,,,,,,,,,,,,,,
P,18320,THOMPSON ASHLEY,WASCO COUNTY EXTENSION,400 E SCENIC DR ,STE 2-278,THE DALLES,OR,97058,8/19/2021,8/21/2021,61501,ASHLEY THOMPSON,APPLE LEAF,263A 8-12-2021,No Type,No Stage,2.15,,,,,,,,,,,,,,,,,,,,,,,,,,,,,,,,,,,,,,,,,
P,18320,THOMPSON ASHLEY,WASCO COUNTY EXTENSION,400 E SCENIC DR ,STE 2-278,THE DALLES,OR,97058,8/19/2021,8/21/2021,61686,ASHLEY THOMPSON,APPLE LEAF,564A 8-12-2021,No Type,No Stage,2.151,,,,,,,,,,,,,,,,,,,,,,,,,,,,,,,,,,,,,,,,,
P,18320,THOMPSON ASHLEY,WASCO COUNTY EXTENSION,400 E SCENIC DR ,STE 2-278,THE DALLES,OR,97058,8/19/2021,8/21/2021,61690,ASHLEY THOMPSON,APPLE LEAF,566A 8-12-2021,No Type,No Stage,2.156,,,,,,,,,,,,,,,,,,,,,,,,,,,,,,,,,,,,,,,,,
P,18320,THOMPSON ASHLEY,WASCO COUNTY EXTENSION,400 E SCENIC DR ,STE 2-278,THE DALLES,OR,97058,8/19/2021,8/21/2021,61500,ASHLEY THOMPSON,APPLE LEAF,263 8-12-2021,No Type,No Stage,2.157,,,,,,,,,,,,,,,,,,,,,,,,,,,,,,,,,,,,,,,,,
P,18320,THOMPSON ASHLEY,WASCO COUNTY EXTENSION,400 E SCENIC DR ,STE 2-278,THE DALLES,OR,97058,8/19/2021,8/21/2021,61726,ASHLEY THOMPSON,APPLE LEAF,584A 8-12-2021,No Type,No Stage,2.158,,,,,,,,,,,,,,,,,,,,,,,,,,,,,,,,,,,,,,,,,
P,18320,THOMPSON ASHLEY,WASCO COUNTY EXTENSION,400 E SCENIC DR ,STE 2-278,THE DALLES,OR,97058,8/19/2021,8/21/2021,61660,ASHLEY THOMPSON,APPLE LEAF,550A 8-12-2021,No Type,No Stage,2.163,,,,,,,,,,,,,,,,,,,,,,,,,,,,,,,,,,,,,,,,,
P,18320,THOMPSON ASHLEY,WASCO COUNTY EXTENSION,400 E SCENIC DR ,STE 2-278,THE DALLES,OR,97058,8/19/2021,8/21/2021,61578,ASHLEY THOMPSON,APPLE LEAF,507 8-12-2021,No Type,No Stage,2.165,,,,,,,,,,,,,,,,,,,,,,,,,,,,,,,,,,,,,,,,,
P,18320,THOMPSON ASHLEY,WASCO COUNTY EXTENSION,400 E SCENIC DR ,STE 2-278,THE DALLES,OR,97058,8/19/2021,8/21/2021,61577,ASHLEY THOMPSON,APPLE LEAF,506A 8-12-2021,No Type,No Stage,2.167,,,,,,,,,,,,,,,,,,,,,,,,,,,,,,,,,,,,,,,,,
P,18320,THOMPSON ASHLEY,WASCO COUNTY EXTENSION,400 E SCENIC DR ,STE 2-278,THE DALLES,OR,97058,8/19/2021,8/21/2021,61473,ASHLEY THOMPSON,APPLE LEAF,249A 8-12-2021,No Type,No Stage,2.168,,,,,,,,,,,,,,,,,,,,,,,,,,,,,,,,,,,,,,,,,
P,18320,THOMPSON ASHLEY,WASCO COUNTY EXTENSION,400 E SCENIC DR ,STE 2-278,THE DALLES,OR,97058,8/19/2021,8/21/2021,61603,ASHLEY THOMPSON,APPLE LEAF,520A 8-12-2021,No Type,No Stage,2.174,,,,,,,,,,,,,,,,,,,,,,,,,,,,,,,,,,,,,,,,,
P,18320,THOMPSON ASHLEY,WASCO COUNTY EXTENSION,400 E SCENIC DR ,STE 2-278,THE DALLES,OR,97058,8/19/2021,8/21/2021,61550,ASHLEY THOMPSON,APPLE LEAF,289 8-12-2021,No Type,No Stage,2.176,,,,,,,,,,,,,,,,,,,,,,,,,,,,,,,,,,,,,,,,,
P,18320,THOMPSON ASHLEY,WASCO COUNTY EXTENSION,400 E SCENIC DR ,STE 2-278,THE DALLES,OR,97058,9/2/2021,9/7/2021,8142,ASHLEY THOMPSON,APPLE LEAF,504,Apple,Mid Season,2.176,,,,,,,,,,,,,,,,,,,,,,,,,,,,,,,,,,,,,,,,,
P,18320,THOMPSON ASHLEY,WASCO COUNTY EXTENSION,400 E SCENIC DR ,STE 2-278,THE DALLES,OR,97058,8/19/2021,8/21/2021,61588,ASHLEY THOMPSON,APPLE LEAF,513 8-12-2021,No Type,No Stage,2.178,,,,,,,,,,,,,,,,,,,,,,,,,,,,,,,,,,,,,,,,,
P,18320,THOMPSON ASHLEY,WASCO COUNTY EXTENSION,400 E SCENIC DR ,STE 2-278,THE DALLES,OR,97058,8/19/2021,8/21/2021,61591,ASHLEY THOMPSON,APPLE LEAF,514A 8-12-2021,No Type,No Stage,2.178,,,,,,,,,,,,,,,,,,,,,,,,,,,,,,,,,,,,,,,,,
P,18320,THOMPSON ASHLEY,WASCO COUNTY EXTENSION,400 E SCENIC DR ,STE 2-278,THE DALLES,OR,97058,8/19/2021,8/21/2021,61623,ASHLEY THOMPSON,APPLE LEAF,531A 8-12-2021,No Type,No Stage,2.18,,,,,,,,,,,,,,,,,,,,,,,,,,,,,,,,,,,,,,,,,
P,18320,THOMPSON ASHLEY,WASCO COUNTY EXTENSION,400 E SCENIC DR ,STE 2-278,THE DALLES,OR,97058,8/19/2021,8/21/2021,61599,ASHLEY THOMPSON,APPLE LEAF,518A 8-12-2021,No Type,No Stage,2.183,,,,,,,,,,,,,,,,,,,,,,,,,,,,,,,,,,,,,,,,,
P,18320,THOMPSON ASHLEY,WASCO COUNTY EXTENSION,400 E SCENIC DR ,STE 2-278,THE DALLES,OR,97058,8/19/2021,8/21/2021,61703,ASHLEY THOMPSON,APPLE LEAF,573 8-12-2021,No Type,No Stage,2.184,,,,,,,,,,,,,,,,,,,,,,,,,,,,,,,,,,,,,,,,,
P,18320,THOMPSON ASHLEY,WASCO COUNTY EXTENSION,400 E SCENIC DR ,STE 2-278,THE DALLES,OR,97058,8/19/2021,8/21/2021,61704,ASHLEY THOMPSON,APPLE LEAF,573A 8-12-2021,No Type,No Stage,2.195,,,,,,,,,,,,,,,,,,,,,,,,,,,,,,,,,,,,,,,,,
P,18320,THOMPSON ASHLEY,WASCO COUNTY EXTENSION,400 E SCENIC DR ,STE 2-278,THE DALLES,OR,97058,8/19/2021,8/21/2021,61555,ASHLEY THOMPSON,APPLE LEAF,291A 8-12-2021,No Type,No Stage,2.198,,,,,,,,,,,,,,,,,,,,,,,,,,,,,,,,,,,,,,,,,
P,18320,THOMPSON ASHLEY,WASCO COUNTY EXTENSION,400 E SCENIC DR ,STE 2-278,THE DALLES,OR,97058,8/19/2021,8/21/2021,61438,ASHLEY THOMPSON,APPLE LEAF,231A 8-12-2021,No Type,No Stage,2.205,,,,,,,,,,,,,,,,,,,,,,,,,,,,,,,,,,,,,,,,,
P,18320,THOMPSON ASHLEY,WASCO COUNTY EXTENSION,400 E SCENIC DR ,STE 2-278,THE DALLES,OR,97058,8/19/2021,8/21/2021,61609,ASHLEY THOMPSON,APPLE LEAF,523A 8-12-2021,No Type,No Stage,2.205,,,,,,,,,,,,,,,,,,,,,,,,,,,,,,,,,,,,,,,,,
P,18320,THOMPSON ASHLEY,WASCO COUNTY EXTENSION,400 E SCENIC DR ,STE 2-278,THE DALLES,OR,97058,8/19/2021,8/21/2021,61687,ASHLEY THOMPSON,APPLE LEAF,565 8-12-2021,No Type,No Stage,2.207,,,,,,,,,,,,,,,,,,,,,,,,,,,,,,,,,,,,,,,,,
P,18320,THOMPSON ASHLEY,WASCO COUNTY EXTENSION,400 E SCENIC DR ,STE 2-278,THE DALLES,OR,97058,8/19/2021,8/21/2021,61654,ASHLEY THOMPSON,APPLE LEAF,547A B 8-12-2021,No Type,No Stage,2.208,,,,,,,,,,,,,,,,,,,,,,,,,,,,,,,,,,,,,,,,,
P,18320,THOMPSON ASHLEY,WASCO COUNTY EXTENSION,400 E SCENIC DR ,STE 2-278,THE DALLES,OR,97058,8/19/2021,8/21/2021,61506,ASHLEY THOMPSON,APPLE LEAF,266 8-12-2021,No Type,No Stage,2.212,,,,,,,,,,,,,,,,,,,,,,,,,,,,,,,,,,,,,,,,,
P,18320,THOMPSON ASHLEY,WASCO COUNTY EXTENSION,400 E SCENIC DR ,STE 2-278,THE DALLES,OR,97058,8/19/2021,8/21/2021,61412,ASHLEY THOMPSON,APPLE LEAF,218A 8-12-2021,No Type,No Stage,2.217,,,,,,,,,,,,,,,,,,,,,,,,,,,,,,,,,,,,,,,,,
P,18320,THOMPSON ASHLEY,WASCO COUNTY EXTENSION,400 E SCENIC DR ,STE 2-278,THE DALLES,OR,97058,8/19/2021,8/21/2021,61378,ASHLEY THOMPSON,APPLE LEAF,201A 8-12-2021,No Type,No Stage,2.219,,,,,,,,,,,,,,,,,,,,,,,,,,,,,,,,,,,,,,,,,
P,18320,THOMPSON ASHLEY,WASCO COUNTY EXTENSION,400 E SCENIC DR ,STE 2-278,THE DALLES,OR,97058,8/19/2021,8/21/2021,61410,ASHLEY THOMPSON,APPLE LEAF,217A 8-12-2021,No Type,No Stage,2.223,,,,,,,,,,,,,,,,,,,,,,,,,,,,,,,,,,,,,,,,,
P,18320,THOMPSON ASHLEY,WASCO COUNTY EXTENSION,400 E SCENIC DR ,STE 2-278,THE DALLES,OR,97058,8/19/2021,8/21/2021,61590,ASHLEY THOMPSON,APPLE LEAF,514 8-12-2021,No Type,No Stage,2.229,,,,,,,,,,,,,,,,,,,,,,,,,,,,,,,,,,,,,,,,,
P,18320,THOMPSON ASHLEY,WASCO COUNTY EXTENSION,400 E SCENIC DR ,STE 2-278,THE DALLES,OR,97058,8/19/2021,8/21/2021,61728,ASHLEY THOMPSON,APPLE LEAF,585A 8-12-2021,No Type,No Stage,2.23,,,,,,,,,,,,,,,,,,,,,,,,,,,,,,,,,,,,,,,,,
P,18320,THOMPSON ASHLEY,WASCO COUNTY EXTENSION,400 E SCENIC DR ,STE 2-278,THE DALLES,OR,97058,8/19/2021,8/21/2021,61729,ASHLEY THOMPSON,APPLE LEAF,586 8-12-2021,No Type,No Stage,2.232,,,,,,,,,,,,,,,,,,,,,,,,,,,,,,,,,,,,,,,,,
P,18320,THOMPSON ASHLEY,WASCO COUNTY EXTENSION,400 E SCENIC DR ,STE 2-278,THE DALLES,OR,97058,8/19/2021,8/21/2021,61460,ASHLEY THOMPSON,APPLE LEAF,242A 8-12-2021,No Type,No Stage,2.233,,,,,,,,,,,,,,,,,,,,,,,,,,,,,,,,,,,,,,,,,
P,18320,THOMPSON ASHLEY,WASCO COUNTY EXTENSION,400 E SCENIC DR ,STE 2-278,THE DALLES,OR,97058,8/19/2021,8/21/2021,61419,ASHLEY THOMPSON,APPLE LEAF,222 8-12-2021,No Type,No Stage,2.244,,,,,,,,,,,,,,,,,,,,,,,,,,,,,,,,,,,,,,,,,
P,18320,THOMPSON ASHLEY,WASCO COUNTY EXTENSION,400 E SCENIC DR ,STE 2-278,THE DALLES,OR,97058,8/19/2021,8/21/2021,61552,ASHLEY THOMPSON,APPLE LEAF,290 8-12-2021,No Type,No Stage,2.244,,,,,,,,,,,,,,,,,,,,,,,,,,,,,,,,,,,,,,,,,
P,18320,THOMPSON ASHLEY,WASCO COUNTY EXTENSION,400 E SCENIC DR ,STE 2-278,THE DALLES,OR,97058,8/19/2021,8/21/2021,61657,ASHLEY THOMPSON,APPLE LEAF,549 8-12-2021,No Type,No Stage,2.244,,,,,,,,,,,,,,,,,,,,,,,,,,,,,,,,,,,,,,,,,
P,18320,THOMPSON ASHLEY,WASCO COUNTY EXTENSION,400 E SCENIC DR ,STE 2-278,THE DALLES,OR,97058,8/19/2021,8/21/2021,61737,ASHLEY THOMPSON,APPLE LEAF,590 8-12-2021,No Type,No Stage,2.252,,,,,,,,,,,,,,,,,,,,,,,,,,,,,,,,,,,,,,,,,
P,18320,THOMPSON ASHLEY,WASCO COUNTY EXTENSION,400 E SCENIC DR ,STE 2-278,THE DALLES,OR,97058,8/19/2021,8/21/2021,61558,ASHLEY THOMPSON,APPLE LEAF,293 8-12-2021,No Type,No Stage,2.256,,,,,,,,,,,,,,,,,,,,,,,,,,,,,,,,,,,,,,,,,
P,18320,THOMPSON ASHLEY,WASCO COUNTY EXTENSION,400 E SCENIC DR ,STE 2-278,THE DALLES,OR,97058,8/19/2021,8/21/2021,61718,ASHLEY THOMPSON,APPLE LEAF,580A 8-12-2021,No Type,No Stage,2.257,,,,,,,,,,,,,,,,,,,,,,,,,,,,,,,,,,,,,,,,,
P,18320,THOMPSON ASHLEY,WASCO COUNTY EXTENSION,400 E SCENIC DR ,STE 2-278,THE DALLES,OR,97058,8/19/2021,8/21/2021,61523,ASHLEY THOMPSON,APPLE LEAF,275A 8-12-2021,No Type,No Stage,2.261,,,,,,,,,,,,,,,,,,,,,,,,,,,,,,,,,,,,,,,,,
P,18320,THOMPSON ASHLEY,WASCO COUNTY EXTENSION,400 E SCENIC DR ,STE 2-278,THE DALLES,OR,97058,8/19/2021,8/21/2021,61464,ASHLEY THOMPSON,APPLE LEAF,244A 8-12-2021,No Type,No Stage,2.264,,,,,,,,,,,,,,,,,,,,,,,,,,,,,,,,,,,,,,,,,
P,18320,THOMPSON ASHLEY,WASCO COUNTY EXTENSION,400 E SCENIC DR ,STE 2-278,THE DALLES,OR,97058,8/19/2021,8/21/2021,61605,ASHLEY THOMPSON,APPLE LEAF,521A 8-12-2021,No Type,No Stage,2.266,,,,,,,,,,,,,,,,,,,,,,,,,,,,,,,,,,,,,,,,,
P,18320,THOMPSON ASHLEY,WASCO COUNTY EXTENSION,400 E SCENIC DR ,STE 2-278,THE DALLES,OR,97058,8/19/2021,8/21/2021,61406,ASHLEY THOMPSON,APPLE LEAF,215A 8-12-2021,No Type,No Stage,2.269,,,,,,,,,,,,,,,,,,,,,,,,,,,,,,,,,,,,,,,,,
P,18320,THOMPSON ASHLEY,WASCO COUNTY EXTENSION,400 E SCENIC DR ,STE 2-278,THE DALLES,OR,97058,8/19/2021,8/21/2021,61739,ASHLEY THOMPSON,APPLE LEAF,591 8-12-2021,No Type,No Stage,2.271,,,,,,,,,,,,,,,,,,,,,,,,,,,,,,,,,,,,,,,,,
P,18320,THOMPSON ASHLEY,WASCO COUNTY EXTENSION,400 E SCENIC DR ,STE 2-278,THE DALLES,OR,97058,8/19/2021,8/21/2021,61661,ASHLEY THOMPSON,APPLE LEAF,551 8-12-2021,No Type,No Stage,2.272,,,,,,,,,,,,,,,,,,,,,,,,,,,,,,,,,,,,,,,,,
P,18320,THOMPSON ASHLEY,WASCO COUNTY EXTENSION,400 E SCENIC DR ,STE 2-278,THE DALLES,OR,97058,9/2/2021,9/7/2021,8144,ASHLEY THOMPSON,APPLE LEAF,505,Apple,Mid Season,2.276,,,,,,,,,,,,,,,,,,,,,,,,,,,,,,,,,,,,,,,,,
P,18320,THOMPSON ASHLEY,WASCO COUNTY EXTENSION,400 E SCENIC DR ,STE 2-278,THE DALLES,OR,97058,8/19/2021,8/21/2021,61544,ASHLEY THOMPSON,APPLE LEAF,286 8-12-2021,No Type,No Stage,2.277,,,,,,,,,,,,,,,,,,,,,,,,,,,,,,,,,,,,,,,,,
P,18320,THOMPSON ASHLEY,WASCO COUNTY EXTENSION,400 E SCENIC DR ,STE 2-278,THE DALLES,OR,97058,8/19/2021,8/21/2021,61469,ASHLEY THOMPSON,APPLE LEAF,247 8-12-2021,No Type,No Stage,2.278,,,,,,,,,,,,,,,,,,,,,,,,,,,,,,,,,,,,,,,,,
P,18320,THOMPSON ASHLEY,WASCO COUNTY EXTENSION,400 E SCENIC DR ,STE 2-278,THE DALLES,OR,97058,8/19/2021,8/21/2021,61413,ASHLEY THOMPSON,APPLE LEAF,219 8-12-2021,No Type,No Stage,2.279,,,,,,,,,,,,,,,,,,,,,,,,,,,,,,,,,,,,,,,,,
P,18320,THOMPSON ASHLEY,WASCO COUNTY EXTENSION,400 E SCENIC DR ,STE 2-278,THE DALLES,OR,97058,8/19/2021,8/21/2021,61540,ASHLEY THOMPSON,APPLE LEAF,284 8-12-2021,No Type,No Stage,2.279,,,,,,,,,,,,,,,,,,,,,,,,,,,,,,,,,,,,,,,,,
P,18320,THOMPSON ASHLEY,WASCO COUNTY EXTENSION,400 E SCENIC DR ,STE 2-278,THE DALLES,OR,97058,8/19/2021,8/21/2021,61496,ASHLEY THOMPSON,APPLE LEAF,261 8-12-2021,No Type,No Stage,2.287,,,,,,,,,,,,,,,,,,,,,,,,,,,,,,,,,,,,,,,,,
P,18320,THOMPSON ASHLEY,WASCO COUNTY EXTENSION,400 E SCENIC DR ,STE 2-278,THE DALLES,OR,97058,8/19/2021,8/21/2021,61480,ASHLEY THOMPSON,APPLE LEAF,253 8-12-2021,No Type,No Stage,2.288,,,,,,,,,,,,,,,,,,,,,,,,,,,,,,,,,,,,,,,,,
P,18320,THOMPSON ASHLEY,WASCO COUNTY EXTENSION,400 E SCENIC DR ,STE 2-278,THE DALLES,OR,97058,8/19/2021,8/21/2021,61741,ASHLEY THOMPSON,APPLE LEAF,592 8-12-2021,No Type,No Stage,2.292,,,,,,,,,,,,,,,,,,,,,,,,,,,,,,,,,,,,,,,,,
P,18320,THOMPSON ASHLEY,WASCO COUNTY EXTENSION,400 E SCENIC DR ,STE 2-278,THE DALLES,OR,97058,8/19/2021,8/21/2021,61381,ASHLEY THOMPSON,APPLE LEAF,203 8-12-2021,No Type,No Stage,2.293,,,,,,,,,,,,,,,,,,,,,,,,,,,,,,,,,,,,,,,,,
P,18320,THOMPSON ASHLEY,WASCO COUNTY EXTENSION,400 E SCENIC DR ,STE 2-278,THE DALLES,OR,97058,8/19/2021,8/21/2021,61481,ASHLEY THOMPSON,APPLE LEAF,253A 8-12-2021,No Type,No Stage,2.295,,,,,,,,,,,,,,,,,,,,,,,,,,,,,,,,,,,,,,,,,
P,18320,THOMPSON ASHLEY,WASCO COUNTY EXTENSION,400 E SCENIC DR ,STE 2-278,THE DALLES,OR,97058,8/19/2021,8/21/2021,61579,ASHLEY THOMPSON,APPLE LEAF,507A 8-12-2021,No Type,No Stage,2.296,,,,,,,,,,,,,,,,,,,,,,,,,,,,,,,,,,,,,,,,,
P,18320,THOMPSON ASHLEY,WASCO COUNTY EXTENSION,400 E SCENIC DR ,STE 2-278,THE DALLES,OR,97058,8/19/2021,8/21/2021,61491,ASHLEY THOMPSON,APPLE LEAF,258A 8-12-2021,No Type,No Stage,2.297,,,,,,,,,,,,,,,,,,,,,,,,,,,,,,,,,,,,,,,,,
P,18320,THOMPSON ASHLEY,WASCO COUNTY EXTENSION,400 E SCENIC DR ,STE 2-278,THE DALLES,OR,97058,8/19/2021,8/21/2021,61493,ASHLEY THOMPSON,APPLE LEAF,259A 8-12-2021,No Type,No Stage,2.298,,,,,,,,,,,,,,,,,,,,,,,,,,,,,,,,,,,,,,,,,
P,18320,THOMPSON ASHLEY,WASCO COUNTY EXTENSION,400 E SCENIC DR ,STE 2-278,THE DALLES,OR,97058,8/19/2021,8/21/2021,61531,ASHLEY THOMPSON,APPLE LEAF,279A 8-12-2021,No Type,No Stage,2.298,,,,,,,,,,,,,,,,,,,,,,,,,,,,,,,,,,,,,,,,,
P,18320,THOMPSON ASHLEY,WASCO COUNTY EXTENSION,400 E SCENIC DR ,STE 2-278,THE DALLES,OR,97058,9/2/2021,9/7/2021,8137,ASHLEY THOMPSON,APPLE LEAF,299A,Apple,Mid Season,2.298,,,,,,,,,,,,,,,,,,,,,,,,,,,,,,,,,,,,,,,,,
P,18320,THOMPSON ASHLEY,WASCO COUNTY EXTENSION,400 E SCENIC DR ,STE 2-278,THE DALLES,OR,97058,8/19/2021,8/21/2021,61476,ASHLEY THOMPSON,APPLE LEAF,251 8-12-2021,No Type,No Stage,2.299,,,,,,,,,,,,,,,,,,,,,,,,,,,,,,,,,,,,,,,,,
P,18320,THOMPSON ASHLEY,WASCO COUNTY EXTENSION,400 E SCENIC DR ,STE 2-278,THE DALLES,OR,97058,8/19/2021,8/21/2021,61589,ASHLEY THOMPSON,APPLE LEAF,513A 8-12-2021,No Type,No Stage,2.299,,,,,,,,,,,,,,,,,,,,,,,,,,,,,,,,,,,,,,,,,
P,18320,THOMPSON ASHLEY,WASCO COUNTY EXTENSION,400 E SCENIC DR ,STE 2-278,THE DALLES,OR,97058,8/19/2021,8/21/2021,61606,ASHLEY THOMPSON,APPLE LEAF,522 8-12-2021,No Type,No Stage,2.299,,,,,,,,,,,,,,,,,,,,,,,,,,,,,,,,,,,,,,,,,
P,18320,THOMPSON ASHLEY,WASCO COUNTY EXTENSION,400 E SCENIC DR ,STE 2-278,THE DALLES,OR,97058,8/19/2021,8/21/2021,61639,ASHLEY THOMPSON,APPLE LEAF,540A 8-12-2021,No Type,No Stage,2.299,,,,,,,,,,,,,,,,,,,,,,,,,,,,,,,,,,,,,,,,,
P,18320,THOMPSON ASHLEY,WASCO COUNTY EXTENSION,400 E SCENIC DR ,STE 2-278,THE DALLES,OR,97058,9/2/2021,9/7/2021,8134,ASHLEY THOMPSON,APPLE LEAF,298,Apple,Mid Season,2.299,,,,,,,,,,,,,,,,,,,,,,,,,,,,,,,,,,,,,,,,,
P,18320,THOMPSON ASHLEY,WASCO COUNTY EXTENSION,400 E SCENIC DR ,STE 2-278,THE DALLES,OR,97058,9/2/2021,9/7/2021,8147,ASHLEY THOMPSON,APPLE LEAF,511A,Apple,Mid Season,2.305,,,,,,,,,,,,,,,,,,,,,,,,,,,,,,,,,,,,,,,,,
P,18320,THOMPSON ASHLEY,WASCO COUNTY EXTENSION,400 E SCENIC DR ,STE 2-278,THE DALLES,OR,97058,8/19/2021,8/21/2021,61437,ASHLEY THOMPSON,APPLE LEAF,231 8-12-2021,No Type,No Stage,2.306,,,,,,,,,,,,,,,,,,,,,,,,,,,,,,,,,,,,,,,,,
P,18320,THOMPSON ASHLEY,WASCO COUNTY EXTENSION,400 E SCENIC DR ,STE 2-278,THE DALLES,OR,97058,8/19/2021,8/21/2021,61709,ASHLEY THOMPSON,APPLE LEAF,576 8-12-2021,No Type,No Stage,2.31,,,,,,,,,,,,,,,,,,,,,,,,,,,,,,,,,,,,,,,,,
P,18320,THOMPSON ASHLEY,WASCO COUNTY EXTENSION,400 E SCENIC DR ,STE 2-278,THE DALLES,OR,97058,8/19/2021,8/21/2021,61752,ASHLEY THOMPSON,APPLE LEAF,597A 8-12-2021,No Type,No Stage,2.31,,,,,,,,,,,,,,,,,,,,,,,,,,,,,,,,,,,,,,,,,
P,18320,THOMPSON ASHLEY,WASCO COUNTY EXTENSION,400 E SCENIC DR ,STE 2-278,THE DALLES,OR,97058,8/19/2021,8/21/2021,61411,ASHLEY THOMPSON,APPLE LEAF,218 8-12-2021,No Type,No Stage,2.311,,,,,,,,,,,,,,,,,,,,,,,,,,,,,,,,,,,,,,,,,
P,18320,THOMPSON ASHLEY,WASCO COUNTY EXTENSION,400 E SCENIC DR ,STE 2-278,THE DALLES,OR,97058,8/19/2021,8/21/2021,61407,ASHLEY THOMPSON,APPLE LEAF,216 8-12-2021,No Type,No Stage,2.312,,,,,,,,,,,,,,,,,,,,,,,,,,,,,,,,,,,,,,,,,
P,18320,THOMPSON ASHLEY,WASCO COUNTY EXTENSION,400 E SCENIC DR ,STE 2-278,THE DALLES,OR,97058,8/19/2021,8/21/2021,61548,ASHLEY THOMPSON,APPLE LEAF,288 8-12-2021,No Type,No Stage,2.314,,,,,,,,,,,,,,,,,,,,,,,,,,,,,,,,,,,,,,,,,
P,18320,THOMPSON ASHLEY,WASCO COUNTY EXTENSION,400 E SCENIC DR ,STE 2-278,THE DALLES,OR,97058,8/19/2021,8/21/2021,61573,ASHLEY THOMPSON,APPLE LEAF,504A 8-12-2021,No Type,No Stage,2.314,,,,,,,,,,,,,,,,,,,,,,,,,,,,,,,,,,,,,,,,,
P,18320,THOMPSON ASHLEY,WASCO COUNTY EXTENSION,400 E SCENIC DR ,STE 2-278,THE DALLES,OR,97058,8/19/2021,8/21/2021,61684,ASHLEY THOMPSON,APPLE LEAF,563A 8-12-2021,No Type,No Stage,2.314,,,,,,,,,,,,,,,,,,,,,,,,,,,,,,,,,,,,,,,,,
P,18320,THOMPSON ASHLEY,WASCO COUNTY EXTENSION,400 E SCENIC DR ,STE 2-278,THE DALLES,OR,97058,8/19/2021,8/21/2021,61593,ASHLEY THOMPSON,APPLE LEAF,515A 8-12-2021,No Type,No Stage,2.315,,,,,,,,,,,,,,,,,,,,,,,,,,,,,,,,,,,,,,,,,
P,18320,THOMPSON ASHLEY,WASCO COUNTY EXTENSION,400 E SCENIC DR ,STE 2-278,THE DALLES,OR,97058,8/19/2021,8/21/2021,61494,ASHLEY THOMPSON,APPLE LEAF,260 8-12-2021,No Type,No Stage,2.316,,,,,,,,,,,,,,,,,,,,,,,,,,,,,,,,,,,,,,,,,
P,18320,THOMPSON ASHLEY,WASCO COUNTY EXTENSION,400 E SCENIC DR ,STE 2-278,THE DALLES,OR,97058,9/2/2021,9/7/2021,8130,ASHLEY THOMPSON,APPLE LEAF,273,Apple,Mid Season,2.316,,,,,,,,,,,,,,,,,,,,,,,,,,,,,,,,,,,,,,,,,
P,18320,THOMPSON ASHLEY,WASCO COUNTY EXTENSION,400 E SCENIC DR ,STE 2-278,THE DALLES,OR,97058,8/19/2021,8/21/2021,61576,ASHLEY THOMPSON,APPLE LEAF,506 8-12-2021,No Type,No Stage,2.318,,,,,,,,,,,,,,,,,,,,,,,,,,,,,,,,,,,,,,,,,
P,18320,THOMPSON ASHLEY,WASCO COUNTY EXTENSION,400 E SCENIC DR ,STE 2-278,THE DALLES,OR,97058,8/19/2021,8/21/2021,61489,ASHLEY THOMPSON,APPLE LEAF,257A 8-12-2021,No Type,No Stage,2.32,,,,,,,,,,,,,,,,,,,,,,,,,,,,,,,,,,,,,,,,,
P,18320,THOMPSON ASHLEY,WASCO COUNTY EXTENSION,400 E SCENIC DR ,STE 2-278,THE DALLES,OR,97058,9/2/2021,9/7/2021,8131,ASHLEY THOMPSON,APPLE LEAF,273A,Apple,Mid Season,2.328,,,,,,,,,,,,,,,,,,,,,,,,,,,,,,,,,,,,,,,,,
P,18320,THOMPSON ASHLEY,WASCO COUNTY EXTENSION,400 E SCENIC DR ,STE 2-278,THE DALLES,OR,97058,8/19/2021,8/21/2021,61587,ASHLEY THOMPSON,APPLE LEAF,512A 8-12-2021,No Type,No Stage,2.33,,,,,,,,,,,,,,,,,,,,,,,,,,,,,,,,,,,,,,,,,
P,18320,THOMPSON ASHLEY,WASCO COUNTY EXTENSION,400 E SCENIC DR ,STE 2-278,THE DALLES,OR,97058,8/19/2021,8/21/2021,61533,ASHLEY THOMPSON,APPLE LEAF,280A 8-12-2021,No Type,No Stage,2.331,,,,,,,,,,,,,,,,,,,,,,,,,,,,,,,,,,,,,,,,,
P,18320,THOMPSON ASHLEY,WASCO COUNTY EXTENSION,400 E SCENIC DR ,STE 2-278,THE DALLES,OR,97058,8/19/2021,8/21/2021,61465,ASHLEY THOMPSON,APPLE LEAF,245 8-12-2021,No Type,No Stage,2.332,,,,,,,,,,,,,,,,,,,,,,,,,,,,,,,,,,,,,,,,,
P,18320,THOMPSON ASHLEY,WASCO COUNTY EXTENSION,400 E SCENIC DR ,STE 2-278,THE DALLES,OR,97058,8/19/2021,8/21/2021,61635,ASHLEY THOMPSON,APPLE LEAF,537A 8-12-2021,No Type,No Stage,2.332,,,,,,,,,,,,,,,,,,,,,,,,,,,,,,,,,,,,,,,,,
P,18320,THOMPSON ASHLEY,WASCO COUNTY EXTENSION,400 E SCENIC DR ,STE 2-278,THE DALLES,OR,97058,8/19/2021,8/21/2021,61607,ASHLEY THOMPSON,APPLE LEAF,522A 8-12-2021,No Type,No Stage,2.333,,,,,,,,,,,,,,,,,,,,,,,,,,,,,,,,,,,,,,,,,
P,18320,THOMPSON ASHLEY,WASCO COUNTY EXTENSION,400 E SCENIC DR ,STE 2-278,THE DALLES,OR,97058,8/19/2021,8/21/2021,61495,ASHLEY THOMPSON,APPLE LEAF,260A 8-12-2021,No Type,No Stage,2.336,,,,,,,,,,,,,,,,,,,,,,,,,,,,,,,,,,,,,,,,,
P,18320,THOMPSON ASHLEY,WASCO COUNTY EXTENSION,400 E SCENIC DR ,STE 2-278,THE DALLES,OR,97058,8/19/2021,8/21/2021,61601,ASHLEY THOMPSON,APPLE LEAF,519A 8-12-2021,No Type,No Stage,2.336,,,,,,,,,,,,,,,,,,,,,,,,,,,,,,,,,,,,,,,,,
P,18320,THOMPSON ASHLEY,WASCO COUNTY EXTENSION,400 E SCENIC DR ,STE 2-278,THE DALLES,OR,97058,9/2/2021,9/7/2021,8136,ASHLEY THOMPSON,APPLE LEAF,299,Apple,Mid Season,2.336,,,,,,,,,,,,,,,,,,,,,,,,,,,,,,,,,,,,,,,,,
P,18320,THOMPSON ASHLEY,WASCO COUNTY EXTENSION,400 E SCENIC DR ,STE 2-278,THE DALLES,OR,97058,8/19/2021,8/21/2021,61471,ASHLEY THOMPSON,APPLE LEAF,248A 8-12-2021,No Type,No Stage,2.338,,,,,,,,,,,,,,,,,,,,,,,,,,,,,,,,,,,,,,,,,
P,18320,THOMPSON ASHLEY,WASCO COUNTY EXTENSION,400 E SCENIC DR ,STE 2-278,THE DALLES,OR,97058,8/19/2021,8/21/2021,61608,ASHLEY THOMPSON,APPLE LEAF,523 8-12-2021,No Type,No Stage,2.342,,,,,,,,,,,,,,,,,,,,,,,,,,,,,,,,,,,,,,,,,
P,18320,THOMPSON ASHLEY,WASCO COUNTY EXTENSION,400 E SCENIC DR ,STE 2-278,THE DALLES,OR,97058,8/19/2021,8/21/2021,61662,ASHLEY THOMPSON,APPLE LEAF,551A 8-12-2021,No Type,No Stage,2.342,,,,,,,,,,,,,,,,,,,,,,,,,,,,,,,,,,,,,,,,,
P,18320,THOMPSON ASHLEY,WASCO COUNTY EXTENSION,400 E SCENIC DR ,STE 2-278,THE DALLES,OR,97058,8/19/2021,8/21/2021,61405,ASHLEY THOMPSON,APPLE LEAF,215 8-12-2021,No Type,No Stage,2.343,,,,,,,,,,,,,,,,,,,,,,,,,,,,,,,,,,,,,,,,,
P,18320,THOMPSON ASHLEY,WASCO COUNTY EXTENSION,400 E SCENIC DR ,STE 2-278,THE DALLES,OR,97058,8/19/2021,8/21/2021,61462,ASHLEY THOMPSON,APPLE LEAF,243A 8-12-2021,No Type,No Stage,2.343,,,,,,,,,,,,,,,,,,,,,,,,,,,,,,,,,,,,,,,,,
P,18320,THOMPSON ASHLEY,WASCO COUNTY EXTENSION,400 E SCENIC DR ,STE 2-278,THE DALLES,OR,97058,8/19/2021,8/21/2021,61428,ASHLEY THOMPSON,APPLE LEAF,226A 8-12-2021,No Type,No Stage,2.344,,,,,,,,,,,,,,,,,,,,,,,,,,,,,,,,,,,,,,,,,
P,18320,THOMPSON ASHLEY,WASCO COUNTY EXTENSION,400 E SCENIC DR ,STE 2-278,THE DALLES,OR,97058,8/19/2021,8/21/2021,61470,ASHLEY THOMPSON,APPLE LEAF,248 8-12-2021,No Type,No Stage,2.345,,,,,,,,,,,,,,,,,,,,,,,,,,,,,,,,,,,,,,,,,
P,18320,THOMPSON ASHLEY,WASCO COUNTY EXTENSION,400 E SCENIC DR ,STE 2-278,THE DALLES,OR,97058,8/19/2021,8/21/2021,61502,ASHLEY THOMPSON,APPLE LEAF,264 8-12-2021,No Type,No Stage,2.348,,,,,,,,,,,,,,,,,,,,,,,,,,,,,,,,,,,,,,,,,
P,18320,THOMPSON ASHLEY,WASCO COUNTY EXTENSION,400 E SCENIC DR ,STE 2-278,THE DALLES,OR,97058,8/19/2021,8/21/2021,61602,ASHLEY THOMPSON,APPLE LEAF,520 8-12-2021,No Type,No Stage,2.351,,,,,,,,,,,,,,,,,,,,,,,,,,,,,,,,,,,,,,,,,
P,18320,THOMPSON ASHLEY,WASCO COUNTY EXTENSION,400 E SCENIC DR ,STE 2-278,THE DALLES,OR,97058,8/19/2021,8/21/2021,61399,ASHLEY THOMPSON,APPLE LEAF,212 8-12-2021,No Type,No Stage,2.354,,,,,,,,,,,,,,,,,,,,,,,,,,,,,,,,,,,,,,,,,
P,18320,THOMPSON ASHLEY,WASCO COUNTY EXTENSION,400 E SCENIC DR ,STE 2-278,THE DALLES,OR,97058,8/19/2021,8/21/2021,61426,ASHLEY THOMPSON,APPLE LEAF,225A 8-12-2021,No Type,No Stage,2.355,,,,,,,,,,,,,,,,,,,,,,,,,,,,,,,,,,,,,,,,,
P,18320,THOMPSON ASHLEY,WASCO COUNTY EXTENSION,400 E SCENIC DR ,STE 2-278,THE DALLES,OR,97058,8/19/2021,8/21/2021,61711,ASHLEY THOMPSON,APPLE LEAF,577 8-12-2021,No Type,No Stage,2.356,,,,,,,,,,,,,,,,,,,,,,,,,,,,,,,,,,,,,,,,,
P,18320,THOMPSON ASHLEY,WASCO COUNTY EXTENSION,400 E SCENIC DR ,STE 2-278,THE DALLES,OR,97058,8/19/2021,8/21/2021,61423,ASHLEY THOMPSON,APPLE LEAF,224 8-12-2021,No Type,No Stage,2.358,,,,,,,,,,,,,,,,,,,,,,,,,,,,,,,,,,,,,,,,,
P,18320,THOMPSON ASHLEY,WASCO COUNTY EXTENSION,400 E SCENIC DR ,STE 2-278,THE DALLES,OR,97058,8/19/2021,8/21/2021,61595,ASHLEY THOMPSON,APPLE LEAF,516A 8-12-2021,No Type,No Stage,2.36,,,,,,,,,,,,,,,,,,,,,,,,,,,,,,,,,,,,,,,,,
P,18320,THOMPSON ASHLEY,WASCO COUNTY EXTENSION,400 E SCENIC DR ,STE 2-278,THE DALLES,OR,97058,8/19/2021,8/21/2021,61631,ASHLEY THOMPSON,APPLE LEAF,535A 8-12-2021,No Type,No Stage,2.361,,,,,,,,,,,,,,,,,,,,,,,,,,,,,,,,,,,,,,,,,
P,18320,THOMPSON ASHLEY,WASCO COUNTY EXTENSION,400 E SCENIC DR ,STE 2-278,THE DALLES,OR,97058,8/19/2021,8/21/2021,61677,ASHLEY THOMPSON,APPLE LEAF,560 8-12-2021,No Type,No Stage,2.366,,,,,,,,,,,,,,,,,,,,,,,,,,,,,,,,,,,,,,,,,
P,18320,THOMPSON ASHLEY,WASCO COUNTY EXTENSION,400 E SCENIC DR ,STE 2-278,THE DALLES,OR,97058,8/19/2021,8/21/2021,61408,ASHLEY THOMPSON,APPLE LEAF,216A 8-12-2021,No Type,No Stage,2.371,,,,,,,,,,,,,,,,,,,,,,,,,,,,,,,,,,,,,,,,,
P,18320,THOMPSON ASHLEY,WASCO COUNTY EXTENSION,400 E SCENIC DR ,STE 2-278,THE DALLES,OR,97058,8/19/2021,8/21/2021,61445,ASHLEY THOMPSON,APPLE LEAF,235 8-12-2021,No Type,No Stage,2.371,,,,,,,,,,,,,,,,,,,,,,,,,,,,,,,,,,,,,,,,,
P,18320,THOMPSON ASHLEY,WASCO COUNTY EXTENSION,400 E SCENIC DR ,STE 2-278,THE DALLES,OR,97058,8/19/2021,8/21/2021,61721,ASHLEY THOMPSON,APPLE LEAF,582 8-12-2021,No Type,No Stage,2.371,,,,,,,,,,,,,,,,,,,,,,,,,,,,,,,,,,,,,,,,,
P,18320,THOMPSON ASHLEY,WASCO COUNTY EXTENSION,400 E SCENIC DR ,STE 2-278,THE DALLES,OR,97058,9/2/2021,9/7/2021,8135,ASHLEY THOMPSON,APPLE LEAF,298A,Apple,Mid Season,2.372,,,,,,,,,,,,,,,,,,,,,,,,,,,,,,,,,,,,,,,,,
P,18320,THOMPSON ASHLEY,WASCO COUNTY EXTENSION,400 E SCENIC DR ,STE 2-278,THE DALLES,OR,97058,8/19/2021,8/21/2021,61534,ASHLEY THOMPSON,APPLE LEAF,281 8-12-2021,No Type,No Stage,2.373,,,,,,,,,,,,,,,,,,,,,,,,,,,,,,,,,,,,,,,,,
P,18320,THOMPSON ASHLEY,WASCO COUNTY EXTENSION,400 E SCENIC DR ,STE 2-278,THE DALLES,OR,97058,8/19/2021,8/21/2021,61390,ASHLEY THOMPSON,APPLE LEAF,207A 8-12-2021,No Type,No Stage,2.377,,,,,,,,,,,,,,,,,,,,,,,,,,,,,,,,,,,,,,,,,
P,18320,THOMPSON ASHLEY,WASCO COUNTY EXTENSION,400 E SCENIC DR ,STE 2-278,THE DALLES,OR,97058,8/19/2021,8/21/2021,61433,ASHLEY THOMPSON,APPLE LEAF,229 8-12-2021,No Type,No Stage,2.381,,,,,,,,,,,,,,,,,,,,,,,,,,,,,,,,,,,,,,,,,
P,18320,THOMPSON ASHLEY,WASCO COUNTY EXTENSION,400 E SCENIC DR ,STE 2-278,THE DALLES,OR,97058,8/19/2021,8/21/2021,61434,ASHLEY THOMPSON,APPLE LEAF,229A 8-12-2021,No Type,No Stage,2.381,,,,,,,,,,,,,,,,,,,,,,,,,,,,,,,,,,,,,,,,,
P,18320,THOMPSON ASHLEY,WASCO COUNTY EXTENSION,400 E SCENIC DR ,STE 2-278,THE DALLES,OR,97058,8/19/2021,8/21/2021,61572,ASHLEY THOMPSON,APPLE LEAF,504 8-12-2021,No Type,No Stage,2.382,,,,,,,,,,,,,,,,,,,,,,,,,,,,,,,,,,,,,,,,,
P,18320,THOMPSON ASHLEY,WASCO COUNTY EXTENSION,400 E SCENIC DR ,STE 2-278,THE DALLES,OR,97058,8/19/2021,8/21/2021,61526,ASHLEY THOMPSON,APPLE LEAF,277 8-12-2021,No Type,No Stage,2.385,,,,,,,,,,,,,,,,,,,,,,,,,,,,,,,,,,,,,,,,,
P,18320,THOMPSON ASHLEY,WASCO COUNTY EXTENSION,400 E SCENIC DR ,STE 2-278,THE DALLES,OR,97058,8/19/2021,8/21/2021,61551,ASHLEY THOMPSON,APPLE LEAF,289A 8-12-2021,No Type,No Stage,2.385,,,,,,,,,,,,,,,,,,,,,,,,,,,,,,,,,,,,,,,,,
P,18320,THOMPSON ASHLEY,WASCO COUNTY EXTENSION,400 E SCENIC DR ,STE 2-278,THE DALLES,OR,97058,8/19/2021,8/21/2021,61492,ASHLEY THOMPSON,APPLE LEAF,259 8-12-2021,No Type,No Stage,2.388,,,,,,,,,,,,,,,,,,,,,,,,,,,,,,,,,,,,,,,,,
P,18320,THOMPSON ASHLEY,WASCO COUNTY EXTENSION,400 E SCENIC DR ,STE 2-278,THE DALLES,OR,97058,8/19/2021,8/21/2021,61730,ASHLEY THOMPSON,APPLE LEAF,586A 8-12-2021,No Type,No Stage,2.389,,,,,,,,,,,,,,,,,,,,,,,,,,,,,,,,,,,,,,,,,
P,18320,THOMPSON ASHLEY,WASCO COUNTY EXTENSION,400 E SCENIC DR ,STE 2-278,THE DALLES,OR,97058,8/19/2021,8/21/2021,61638,ASHLEY THOMPSON,APPLE LEAF,540 8-12-2021,No Type,No Stage,2.39,,,,,,,,,,,,,,,,,,,,,,,,,,,,,,,,,,,,,,,,,
P,18320,THOMPSON ASHLEY,WASCO COUNTY EXTENSION,400 E SCENIC DR ,STE 2-278,THE DALLES,OR,97058,8/19/2021,8/21/2021,61404,ASHLEY THOMPSON,APPLE LEAF,214A 8-12-2021,No Type,No Stage,2.393,,,,,,,,,,,,,,,,,,,,,,,,,,,,,,,,,,,,,,,,,
P,18320,THOMPSON ASHLEY,WASCO COUNTY EXTENSION,400 E SCENIC DR ,STE 2-278,THE DALLES,OR,97058,8/19/2021,8/21/2021,61377,ASHLEY THOMPSON,APPLE LEAF,201 8-12-2021,No Type,No Stage,2.394,,,,,,,,,,,,,,,,,,,,,,,,,,,,,,,,,,,,,,,,,
P,18320,THOMPSON ASHLEY,WASCO COUNTY EXTENSION,400 E SCENIC DR ,STE 2-278,THE DALLES,OR,97058,8/19/2021,8/21/2021,61620,ASHLEY THOMPSON,APPLE LEAF,530 8-12-2021,No Type,No Stage,2.394,,,,,,,,,,,,,,,,,,,,,,,,,,,,,,,,,,,,,,,,,
P,18320,THOMPSON ASHLEY,WASCO COUNTY EXTENSION,400 E SCENIC DR ,STE 2-278,THE DALLES,OR,97058,8/19/2021,8/21/2021,61650,ASHLEY THOMPSON,APPLE LEAF,546 8-12-2021,No Type,No Stage,2.396,,,,,,,,,,,,,,,,,,,,,,,,,,,,,,,,,,,,,,,,,
P,18320,THOMPSON ASHLEY,WASCO COUNTY EXTENSION,400 E SCENIC DR ,STE 2-278,THE DALLES,OR,97058,8/19/2021,8/21/2021,61461,ASHLEY THOMPSON,APPLE LEAF,243 8-12-2021,No Type,No Stage,2.398,,,,,,,,,,,,,,,,,,,,,,,,,,,,,,,,,,,,,,,,,
P,18320,THOMPSON ASHLEY,WASCO COUNTY EXTENSION,400 E SCENIC DR ,STE 2-278,THE DALLES,OR,97058,8/19/2021,8/21/2021,61749,ASHLEY THOMPSON,APPLE LEAF,596 8-12-2021,No Type,No Stage,2.399,,,,,,,,,,,,,,,,,,,,,,,,,,,,,,,,,,,,,,,,,
P,18320,THOMPSON ASHLEY,WASCO COUNTY EXTENSION,400 E SCENIC DR ,STE 2-278,THE DALLES,OR,97058,8/19/2021,8/21/2021,61571,ASHLEY THOMPSON,APPLE LEAF,503A 8-12-2021,No Type,No Stage,2.403,,,,,,,,,,,,,,,,,,,,,,,,,,,,,,,,,,,,,,,,,
P,18320,THOMPSON ASHLEY,WASCO COUNTY EXTENSION,400 E SCENIC DR ,STE 2-278,THE DALLES,OR,97058,8/19/2021,8/21/2021,61689,ASHLEY THOMPSON,APPLE LEAF,566 8-12-2021,No Type,No Stage,2.404,,,,,,,,,,,,,,,,,,,,,,,,,,,,,,,,,,,,,,,,,
P,18320,THOMPSON ASHLEY,WASCO COUNTY EXTENSION,400 E SCENIC DR ,STE 2-278,THE DALLES,OR,97058,8/19/2021,8/21/2021,61671,ASHLEY THOMPSON,APPLE LEAF,557 8-12-2021,No Type,No Stage,2.408,,,,,,,,,,,,,,,,,,,,,,,,,,,,,,,,,,,,,,,,,
P,18320,THOMPSON ASHLEY,WASCO COUNTY EXTENSION,400 E SCENIC DR ,STE 2-278,THE DALLES,OR,97058,8/19/2021,8/21/2021,61541,ASHLEY THOMPSON,APPLE LEAF,284A 8-12-2021,No Type,No Stage,2.409,,,,,,,,,,,,,,,,,,,,,,,,,,,,,,,,,,,,,,,,,
P,18320,THOMPSON ASHLEY,WASCO COUNTY EXTENSION,400 E SCENIC DR ,STE 2-278,THE DALLES,OR,97058,8/19/2021,8/21/2021,61655,ASHLEY THOMPSON,APPLE LEAF,548 8-12-2021,No Type,No Stage,2.409,,,,,,,,,,,,,,,,,,,,,,,,,,,,,,,,,,,,,,,,,
P,18320,THOMPSON ASHLEY,WASCO COUNTY EXTENSION,400 E SCENIC DR ,STE 2-278,THE DALLES,OR,97058,8/19/2021,8/21/2021,61715,ASHLEY THOMPSON,APPLE LEAF,579 8-12-2021,No Type,No Stage,2.411,,,,,,,,,,,,,,,,,,,,,,,,,,,,,,,,,,,,,,,,,
P,18320,THOMPSON ASHLEY,WASCO COUNTY EXTENSION,400 E SCENIC DR ,STE 2-278,THE DALLES,OR,97058,8/19/2021,8/21/2021,61738,ASHLEY THOMPSON,APPLE LEAF,590A 8-12-2021,No Type,No Stage,2.412,,,,,,,,,,,,,,,,,,,,,,,,,,,,,,,,,,,,,,,,,
P,18320,THOMPSON ASHLEY,WASCO COUNTY EXTENSION,400 E SCENIC DR ,STE 2-278,THE DALLES,OR,97058,8/19/2021,8/21/2021,61417,ASHLEY THOMPSON,APPLE LEAF,221 8-12-2021,No Type,No Stage,2.413,,,,,,,,,,,,,,,,,,,,,,,,,,,,,,,,,,,,,,,,,
P,18320,THOMPSON ASHLEY,WASCO COUNTY EXTENSION,400 E SCENIC DR ,STE 2-278,THE DALLES,OR,97058,8/19/2021,8/21/2021,61567,ASHLEY THOMPSON,APPLE LEAF,297A 8-12-2021,No Type,No Stage,2.413,,,,,,,,,,,,,,,,,,,,,,,,,,,,,,,,,,,,,,,,,
P,18320,THOMPSON ASHLEY,WASCO COUNTY EXTENSION,400 E SCENIC DR ,STE 2-278,THE DALLES,OR,97058,8/19/2021,8/21/2021,61498,ASHLEY THOMPSON,APPLE LEAF,262 8-12-2021,No Type,No Stage,2.418,,,,,,,,,,,,,,,,,,,,,,,,,,,,,,,,,,,,,,,,,
P,18320,THOMPSON ASHLEY,WASCO COUNTY EXTENSION,400 E SCENIC DR ,STE 2-278,THE DALLES,OR,97058,8/19/2021,8/21/2021,61512,ASHLEY THOMPSON,APPLE LEAF,269 8-12-2021,No Type,No Stage,2.419,,,,,,,,,,,,,,,,,,,,,,,,,,,,,,,,,,,,,,,,,
P,18320,THOMPSON ASHLEY,WASCO COUNTY EXTENSION,400 E SCENIC DR ,STE 2-278,THE DALLES,OR,97058,8/19/2021,8/21/2021,61503,ASHLEY THOMPSON,APPLE LEAF,264A 8-12-2021,No Type,No Stage,2.42,,,,,,,,,,,,,,,,,,,,,,,,,,,,,,,,,,,,,,,,,
P,18320,THOMPSON ASHLEY,WASCO COUNTY EXTENSION,400 E SCENIC DR ,STE 2-278,THE DALLES,OR,97058,8/19/2021,8/21/2021,61549,ASHLEY THOMPSON,APPLE LEAF,288A 8-12-2021,No Type,No Stage,2.42,,,,,,,,,,,,,,,,,,,,,,,,,,,,,,,,,,,,,,,,,
P,18320,THOMPSON ASHLEY,WASCO COUNTY EXTENSION,400 E SCENIC DR ,STE 2-278,THE DALLES,OR,97058,8/19/2021,8/21/2021,61427,ASHLEY THOMPSON,APPLE LEAF,226 8-12-2021,No Type,No Stage,2.425,,,,,,,,,,,,,,,,,,,,,,,,,,,,,,,,,,,,,,,,,
P,18320,THOMPSON ASHLEY,WASCO COUNTY EXTENSION,400 E SCENIC DR ,STE 2-278,THE DALLES,OR,97058,8/19/2021,8/21/2021,61384,ASHLEY THOMPSON,APPLE LEAF,204A 8-12-2021,No Type,No Stage,2.426,,,,,,,,,,,,,,,,,,,,,,,,,,,,,,,,,,,,,,,,,
P,18320,THOMPSON ASHLEY,WASCO COUNTY EXTENSION,400 E SCENIC DR ,STE 2-278,THE DALLES,OR,97058,8/19/2021,8/21/2021,61530,ASHLEY THOMPSON,APPLE LEAF,279 8-12-2021,No Type,No Stage,2.43,,,,,,,,,,,,,,,,,,,,,,,,,,,,,,,,,,,,,,,,,
P,18320,THOMPSON ASHLEY,WASCO COUNTY EXTENSION,400 E SCENIC DR ,STE 2-278,THE DALLES,OR,97058,8/19/2021,8/21/2021,61585,ASHLEY THOMPSON,APPLE LEAF,510A 8-12-2021,No Type,No Stage,2.43,,,,,,,,,,,,,,,,,,,,,,,,,,,,,,,,,,,,,,,,,
P,18320,THOMPSON ASHLEY,WASCO COUNTY EXTENSION,400 E SCENIC DR ,STE 2-278,THE DALLES,OR,97058,9/2/2021,9/7/2021,8146,ASHLEY THOMPSON,APPLE LEAF,511,Apple,Mid Season,2.43,,,,,,,,,,,,,,,,,,,,,,,,,,,,,,,,,,,,,,,,,
P,18320,THOMPSON ASHLEY,WASCO COUNTY EXTENSION,400 E SCENIC DR ,STE 2-278,THE DALLES,OR,97058,8/19/2021,8/21/2021,61440,ASHLEY THOMPSON,APPLE LEAF,232A 8-12-2021,No Type,No Stage,2.432,,,,,,,,,,,,,,,,,,,,,,,,,,,,,,,,,,,,,,,,,
P,18320,THOMPSON ASHLEY,WASCO COUNTY EXTENSION,400 E SCENIC DR ,STE 2-278,THE DALLES,OR,97058,8/19/2021,8/21/2021,61459,ASHLEY THOMPSON,APPLE LEAF,242 8-12-2021,No Type,No Stage,2.437,,,,,,,,,,,,,,,,,,,,,,,,,,,,,,,,,,,,,,,,,
P,18320,THOMPSON ASHLEY,WASCO COUNTY EXTENSION,400 E SCENIC DR ,STE 2-278,THE DALLES,OR,97058,8/19/2021,8/21/2021,61584,ASHLEY THOMPSON,APPLE LEAF,510 8-12-2021,No Type,No Stage,2.437,,,,,,,,,,,,,,,,,,,,,,,,,,,,,,,,,,,,,,,,,
P,18320,THOMPSON ASHLEY,WASCO COUNTY EXTENSION,400 E SCENIC DR ,STE 2-278,THE DALLES,OR,97058,8/19/2021,8/21/2021,61712,ASHLEY THOMPSON,APPLE LEAF,577A 8-12-2021,No Type,No Stage,2.437,,,,,,,,,,,,,,,,,,,,,,,,,,,,,,,,,,,,,,,,,
P,18320,THOMPSON ASHLEY,WASCO COUNTY EXTENSION,400 E SCENIC DR ,STE 2-278,THE DALLES,OR,97058,8/19/2021,8/21/2021,61425,ASHLEY THOMPSON,APPLE LEAF,225 8-12-2021,No Type,No Stage,2.443,,,,,,,,,,,,,,,,,,,,,,,,,,,,,,,,,,,,,,,,,
P,18320,THOMPSON ASHLEY,WASCO COUNTY EXTENSION,400 E SCENIC DR ,STE 2-278,THE DALLES,OR,97058,8/19/2021,8/21/2021,61582,ASHLEY THOMPSON,APPLE LEAF,509 8-12-2021,No Type,No Stage,2.444,,,,,,,,,,,,,,,,,,,,,,,,,,,,,,,,,,,,,,,,,
P,18320,THOMPSON ASHLEY,WASCO COUNTY EXTENSION,400 E SCENIC DR ,STE 2-278,THE DALLES,OR,97058,8/19/2021,8/21/2021,61396,ASHLEY THOMPSON,APPLE LEAF,210A 8-12-2021,No Type,No Stage,2.446,,,,,,,,,,,,,,,,,,,,,,,,,,,,,,,,,,,,,,,,,
P,18320,THOMPSON ASHLEY,WASCO COUNTY EXTENSION,400 E SCENIC DR ,STE 2-278,THE DALLES,OR,97058,8/19/2021,8/21/2021,61435,ASHLEY THOMPSON,APPLE LEAF,230 8-12-2021,No Type,No Stage,2.446,,,,,,,,,,,,,,,,,,,,,,,,,,,,,,,,,,,,,,,,,
P,18320,THOMPSON ASHLEY,WASCO COUNTY EXTENSION,400 E SCENIC DR ,STE 2-278,THE DALLES,OR,97058,8/19/2021,8/21/2021,61641,ASHLEY THOMPSON,APPLE LEAF,541A 8-12-2021,No Type,No Stage,2.447,,,,,,,,,,,,,,,,,,,,,,,,,,,,,,,,,,,,,,,,,
P,18320,THOMPSON ASHLEY,WASCO COUNTY EXTENSION,400 E SCENIC DR ,STE 2-278,THE DALLES,OR,97058,8/19/2021,8/21/2021,61756,ASHLEY THOMPSON,APPLE LEAF,599A 8-12-2021,No Type,No Stage,2.448,,,,,,,,,,,,,,,,,,,,,,,,,,,,,,,,,,,,,,,,,
P,18320,THOMPSON ASHLEY,WASCO COUNTY EXTENSION,400 E SCENIC DR ,STE 2-278,THE DALLES,OR,97058,8/19/2021,8/21/2021,61450,ASHLEY THOMPSON,APPLE LEAF,237A 8-12-2021,No Type,No Stage,2.449,,,,,,,,,,,,,,,,,,,,,,,,,,,,,,,,,,,,,,,,,
P,18320,THOMPSON ASHLEY,WASCO COUNTY EXTENSION,400 E SCENIC DR ,STE 2-278,THE DALLES,OR,97058,8/19/2021,8/21/2021,61624,ASHLEY THOMPSON,APPLE LEAF,532 8-12-2021,No Type,No Stage,2.453,,,,,,,,,,,,,,,,,,,,,,,,,,,,,,,,,,,,,,,,,
P,18320,THOMPSON ASHLEY,WASCO COUNTY EXTENSION,400 E SCENIC DR ,STE 2-278,THE DALLES,OR,97058,8/19/2021,8/21/2021,61744,ASHLEY THOMPSON,APPLE LEAF,593A 8-12-2021,No Type,No Stage,2.455,,,,,,,,,,,,,,,,,,,,,,,,,,,,,,,,,,,,,,,,,
P,18320,THOMPSON ASHLEY,WASCO COUNTY EXTENSION,400 E SCENIC DR ,STE 2-278,THE DALLES,OR,97058,8/19/2021,8/21/2021,61757,ASHLEY THOMPSON,APPLE LEAF,600 8-12-2021,No Type,No Stage,2.458,,,,,,,,,,,,,,,,,,,,,,,,,,,,,,,,,,,,,,,,,
P,18320,THOMPSON ASHLEY,WASCO COUNTY EXTENSION,400 E SCENIC DR ,STE 2-278,THE DALLES,OR,97058,8/19/2021,8/21/2021,61625,ASHLEY THOMPSON,APPLE LEAF,532A 8-12-2021,No Type,No Stage,2.462,,,,,,,,,,,,,,,,,,,,,,,,,,,,,,,,,,,,,,,,,
P,18320,THOMPSON ASHLEY,WASCO COUNTY EXTENSION,400 E SCENIC DR ,STE 2-278,THE DALLES,OR,97058,8/19/2021,8/21/2021,61758,ASHLEY THOMPSON,APPLE LEAF,600A 8-12-2021,No Type,No Stage,2.465,,,,,,,,,,,,,,,,,,,,,,,,,,,,,,,,,,,,,,,,,
P,18320,THOMPSON ASHLEY,WASCO COUNTY EXTENSION,400 E SCENIC DR ,STE 2-278,THE DALLES,OR,97058,8/19/2021,8/21/2021,61740,ASHLEY THOMPSON,APPLE LEAF,591A 8-12-2021,No Type,No Stage,2.466,,,,,,,,,,,,,,,,,,,,,,,,,,,,,,,,,,,,,,,,,
P,18320,THOMPSON ASHLEY,WASCO COUNTY EXTENSION,400 E SCENIC DR ,STE 2-278,THE DALLES,OR,97058,8/19/2021,8/21/2021,61436,ASHLEY THOMPSON,APPLE LEAF,230A 8-12-2021,No Type,No Stage,2.472,,,,,,,,,,,,,,,,,,,,,,,,,,,,,,,,,,,,,,,,,
P,18320,THOMPSON ASHLEY,WASCO COUNTY EXTENSION,400 E SCENIC DR ,STE 2-278,THE DALLES,OR,97058,8/19/2021,8/21/2021,61535,ASHLEY THOMPSON,APPLE LEAF,281A 8-12-2021,No Type,No Stage,2.474,,,,,,,,,,,,,,,,,,,,,,,,,,,,,,,,,,,,,,,,,
P,18320,THOMPSON ASHLEY,WASCO COUNTY EXTENSION,400 E SCENIC DR ,STE 2-278,THE DALLES,OR,97058,8/19/2021,8/21/2021,61634,ASHLEY THOMPSON,APPLE LEAF,537 8-12-2021,No Type,No Stage,2.476,,,,,,,,,,,,,,,,,,,,,,,,,,,,,,,,,,,,,,,,,
P,18320,THOMPSON ASHLEY,WASCO COUNTY EXTENSION,400 E SCENIC DR ,STE 2-278,THE DALLES,OR,97058,8/19/2021,8/21/2021,61513,ASHLEY THOMPSON,APPLE LEAF,269A 8-12-2021,No Type,No Stage,2.477,,,,,,,,,,,,,,,,,,,,,,,,,,,,,,,,,,,,,,,,,
P,18320,THOMPSON ASHLEY,WASCO COUNTY EXTENSION,400 E SCENIC DR ,STE 2-278,THE DALLES,OR,97058,8/19/2021,8/21/2021,61750,ASHLEY THOMPSON,APPLE LEAF,596A 8-12-2021,No Type,No Stage,2.48,,,,,,,,,,,,,,,,,,,,,,,,,,,,,,,,,,,,,,,,,
P,18320,THOMPSON ASHLEY,WASCO COUNTY EXTENSION,400 E SCENIC DR ,STE 2-278,THE DALLES,OR,97058,9/2/2021,9/7/2021,8133,ASHLEY THOMPSON,APPLE LEAF,289A,Apple,Mid Season,2.48,,,,,,,,,,,,,,,,,,,,,,,,,,,,,,,,,,,,,,,,,
P,18320,THOMPSON ASHLEY,WASCO COUNTY EXTENSION,400 E SCENIC DR ,STE 2-278,THE DALLES,OR,97058,8/19/2021,8/21/2021,61755,ASHLEY THOMPSON,APPLE LEAF,599 8-12-2021,No Type,No Stage,2.483,,,,,,,,,,,,,,,,,,,,,,,,,,,,,,,,,,,,,,,,,
P,18320,THOMPSON ASHLEY,WASCO COUNTY EXTENSION,400 E SCENIC DR ,STE 2-278,THE DALLES,OR,97058,8/19/2021,8/21/2021,61537,ASHLEY THOMPSON,APPLE LEAF,282A 8-12-2021,No Type,No Stage,2.485,,,,,,,,,,,,,,,,,,,,,,,,,,,,,,,,,,,,,,,,,
P,18320,THOMPSON ASHLEY,WASCO COUNTY EXTENSION,400 E SCENIC DR ,STE 2-278,THE DALLES,OR,97058,8/19/2021,8/21/2021,61474,ASHLEY THOMPSON,APPLE LEAF,250 8-12-2021,No Type,No Stage,2.487,,,,,,,,,,,,,,,,,,,,,,,,,,,,,,,,,,,,,,,,,
P,18320,THOMPSON ASHLEY,WASCO COUNTY EXTENSION,400 E SCENIC DR ,STE 2-278,THE DALLES,OR,97058,8/19/2021,8/21/2021,61383,ASHLEY THOMPSON,APPLE LEAF,204 8-12-2021,No Type,No Stage,2.488,,,,,,,,,,,,,,,,,,,,,,,,,,,,,,,,,,,,,,,,,
P,18320,THOMPSON ASHLEY,WASCO COUNTY EXTENSION,400 E SCENIC DR ,STE 2-278,THE DALLES,OR,97058,8/19/2021,8/21/2021,61743,ASHLEY THOMPSON,APPLE LEAF,593 8-12-2021,No Type,No Stage,2.49,,,,,,,,,,,,,,,,,,,,,,,,,,,,,,,,,,,,,,,,,
P,18320,THOMPSON ASHLEY,WASCO COUNTY EXTENSION,400 E SCENIC DR ,STE 2-278,THE DALLES,OR,97058,8/19/2021,8/21/2021,61598,ASHLEY THOMPSON,APPLE LEAF,518 8-12-2021,No Type,No Stage,2.494,,,,,,,,,,,,,,,,,,,,,,,,,,,,,,,,,,,,,,,,,
P,18320,THOMPSON ASHLEY,WASCO COUNTY EXTENSION,400 E SCENIC DR ,STE 2-278,THE DALLES,OR,97058,8/19/2021,8/21/2021,61622,ASHLEY THOMPSON,APPLE LEAF,531 8-12-2021,No Type,No Stage,2.495,,,,,,,,,,,,,,,,,,,,,,,,,,,,,,,,,,,,,,,,,
P,18320,THOMPSON ASHLEY,WASCO COUNTY EXTENSION,400 E SCENIC DR ,STE 2-278,THE DALLES,OR,97058,8/19/2021,8/21/2021,61382,ASHLEY THOMPSON,APPLE LEAF,203A 8-12-2021,No Type,No Stage,2.496,,,,,,,,,,,,,,,,,,,,,,,,,,,,,,,,,,,,,,,,,
P,18320,THOMPSON ASHLEY,WASCO COUNTY EXTENSION,400 E SCENIC DR ,STE 2-278,THE DALLES,OR,97058,8/19/2021,8/21/2021,61505,ASHLEY THOMPSON,APPLE LEAF,265A 8-12-2021,No Type,No Stage,2.499,,,,,,,,,,,,,,,,,,,,,,,,,,,,,,,,,,,,,,,,,
P,18320,THOMPSON ASHLEY,WASCO COUNTY EXTENSION,400 E SCENIC DR ,STE 2-278,THE DALLES,OR,97058,8/19/2021,8/21/2021,61716,ASHLEY THOMPSON,APPLE LEAF,579A 8-12-2021,No Type,No Stage,2.499,,,,,,,,,,,,,,,,,,,,,,,,,,,,,,,,,,,,,,,,,
P,18320,THOMPSON ASHLEY,WASCO COUNTY EXTENSION,400 E SCENIC DR ,STE 2-278,THE DALLES,OR,97058,8/19/2021,8/21/2021,61446,ASHLEY THOMPSON,APPLE LEAF,235A 8-12-2021,No Type,No Stage,2.501,,,,,,,,,,,,,,,,,,,,,,,,,,,,,,,,,,,,,,,,,
P,18320,THOMPSON ASHLEY,WASCO COUNTY EXTENSION,400 E SCENIC DR ,STE 2-278,THE DALLES,OR,97058,8/19/2021,8/21/2021,61477,ASHLEY THOMPSON,APPLE LEAF,251A 8-12-2021,No Type,No Stage,2.502,,,,,,,,,,,,,,,,,,,,,,,,,,,,,,,,,,,,,,,,,
P,18320,THOMPSON ASHLEY,WASCO COUNTY EXTENSION,400 E SCENIC DR ,STE 2-278,THE DALLES,OR,97058,8/19/2021,8/21/2021,61663,ASHLEY THOMPSON,APPLE LEAF,552 8-12-2021,No Type,No Stage,2.508,,,,,,,,,,,,,,,,,,,,,,,,,,,,,,,,,,,,,,,,,
P,18320,THOMPSON ASHLEY,WASCO COUNTY EXTENSION,400 E SCENIC DR ,STE 2-278,THE DALLES,OR,97058,8/19/2021,8/21/2021,61403,ASHLEY THOMPSON,APPLE LEAF,214 8-12-2021,No Type,No Stage,2.509,,,,,,,,,,,,,,,,,,,,,,,,,,,,,,,,,,,,,,,,,
P,18320,THOMPSON ASHLEY,WASCO COUNTY EXTENSION,400 E SCENIC DR ,STE 2-278,THE DALLES,OR,97058,8/19/2021,8/21/2021,61418,ASHLEY THOMPSON,APPLE LEAF,221A 8-12-2021,No Type,No Stage,2.509,,,,,,,,,,,,,,,,,,,,,,,,,,,,,,,,,,,,,,,,,
P,18320,THOMPSON ASHLEY,WASCO COUNTY EXTENSION,400 E SCENIC DR ,STE 2-278,THE DALLES,OR,97058,8/19/2021,8/21/2021,61751,ASHLEY THOMPSON,APPLE LEAF,597 8-12-2021,No Type,No Stage,2.51,,,,,,,,,,,,,,,,,,,,,,,,,,,,,,,,,,,,,,,,,
P,18320,THOMPSON ASHLEY,WASCO COUNTY EXTENSION,400 E SCENIC DR ,STE 2-278,THE DALLES,OR,97058,8/19/2021,8/21/2021,61592,ASHLEY THOMPSON,APPLE LEAF,515 8-12-2021,No Type,No Stage,2.511,,,,,,,,,,,,,,,,,,,,,,,,,,,,,,,,,,,,,,,,,
P,18320,THOMPSON ASHLEY,WASCO COUNTY EXTENSION,400 E SCENIC DR ,STE 2-278,THE DALLES,OR,97058,8/19/2021,8/21/2021,61536,ASHLEY THOMPSON,APPLE LEAF,282 8-12-2021,No Type,No Stage,2.514,,,,,,,,,,,,,,,,,,,,,,,,,,,,,,,,,,,,,,,,,
P,18320,THOMPSON ASHLEY,WASCO COUNTY EXTENSION,400 E SCENIC DR ,STE 2-278,THE DALLES,OR,97058,8/19/2021,8/21/2021,61517,ASHLEY THOMPSON,APPLE LEAF,271A 8-12-2021,No Type,No Stage,2.515,,,,,,,,,,,,,,,,,,,,,,,,,,,,,,,,,,,,,,,,,
P,18320,THOMPSON ASHLEY,WASCO COUNTY EXTENSION,400 E SCENIC DR ,STE 2-278,THE DALLES,OR,97058,8/19/2021,8/21/2021,61490,ASHLEY THOMPSON,APPLE LEAF,258 8-12-2021,No Type,No Stage,2.516,,,,,,,,,,,,,,,,,,,,,,,,,,,,,,,,,,,,,,,,,
P,18320,THOMPSON ASHLEY,WASCO COUNTY EXTENSION,400 E SCENIC DR ,STE 2-278,THE DALLES,OR,97058,8/19/2021,8/21/2021,61532,ASHLEY THOMPSON,APPLE LEAF,280 8-12-2021,No Type,No Stage,2.516,,,,,,,,,,,,,,,,,,,,,,,,,,,,,,,,,,,,,,,,,
P,18320,THOMPSON ASHLEY,WASCO COUNTY EXTENSION,400 E SCENIC DR ,STE 2-278,THE DALLES,OR,97058,8/19/2021,8/21/2021,61710,ASHLEY THOMPSON,APPLE LEAF,576A 8-12-2021,No Type,No Stage,2.517,,,,,,,,,,,,,,,,,,,,,,,,,,,,,,,,,,,,,,,,,
P,18320,THOMPSON ASHLEY,WASCO COUNTY EXTENSION,400 E SCENIC DR ,STE 2-278,THE DALLES,OR,97058,8/19/2021,8/21/2021,61665,ASHLEY THOMPSON,APPLE LEAF,553 8-12-2021,No Type,No Stage,2.518,,,,,,,,,,,,,,,,,,,,,,,,,,,,,,,,,,,,,,,,,
P,18320,THOMPSON ASHLEY,WASCO COUNTY EXTENSION,400 E SCENIC DR ,STE 2-278,THE DALLES,OR,97058,8/19/2021,8/21/2021,61468,ASHLEY THOMPSON,APPLE LEAF,246A 8-12-2021,No Type,No Stage,2.522,,,,,,,,,,,,,,,,,,,,,,,,,,,,,,,,,,,,,,,,,
P,18320,THOMPSON ASHLEY,WASCO COUNTY EXTENSION,400 E SCENIC DR ,STE 2-278,THE DALLES,OR,97058,8/19/2021,8/21/2021,61497,ASHLEY THOMPSON,APPLE LEAF,261A 8-12-2021,No Type,No Stage,2.523,,,,,,,,,,,,,,,,,,,,,,,,,,,,,,,,,,,,,,,,,
P,18320,THOMPSON ASHLEY,WASCO COUNTY EXTENSION,400 E SCENIC DR ,STE 2-278,THE DALLES,OR,97058,8/19/2021,8/21/2021,61705,ASHLEY THOMPSON,APPLE LEAF,574 8-12-2021,No Type,No Stage,2.527,,,,,,,,,,,,,,,,,,,,,,,,,,,,,,,,,,,,,,,,,
P,18320,THOMPSON ASHLEY,WASCO COUNTY EXTENSION,400 E SCENIC DR ,STE 2-278,THE DALLES,OR,97058,8/19/2021,8/21/2021,61488,ASHLEY THOMPSON,APPLE LEAF,257 8-12-2021,No Type,No Stage,2.528,,,,,,,,,,,,,,,,,,,,,,,,,,,,,,,,,,,,,,,,,
P,18320,THOMPSON ASHLEY,WASCO COUNTY EXTENSION,400 E SCENIC DR ,STE 2-278,THE DALLES,OR,97058,9/2/2021,9/7/2021,8148,ASHLEY THOMPSON,APPLE LEAF,526,Apple,Mid Season,2.528,,,,,,,,,,,,,,,,,,,,,,,,,,,,,,,,,,,,,,,,,
P,18320,THOMPSON ASHLEY,WASCO COUNTY EXTENSION,400 E SCENIC DR ,STE 2-278,THE DALLES,OR,97058,8/19/2021,8/21/2021,61453,ASHLEY THOMPSON,APPLE LEAF,239 8-12-2021,No Type,No Stage,2.529,,,,,,,,,,,,,,,,,,,,,,,,,,,,,,,,,,,,,,,,,
P,18320,THOMPSON ASHLEY,WASCO COUNTY EXTENSION,400 E SCENIC DR ,STE 2-278,THE DALLES,OR,97058,8/19/2021,8/21/2021,61600,ASHLEY THOMPSON,APPLE LEAF,519 8-12-2021,No Type,No Stage,2.529,,,,,,,,,,,,,,,,,,,,,,,,,,,,,,,,,,,,,,,,,
P,18320,THOMPSON ASHLEY,WASCO COUNTY EXTENSION,400 E SCENIC DR ,STE 2-278,THE DALLES,OR,97058,8/19/2021,8/21/2021,61628,ASHLEY THOMPSON,APPLE LEAF,534 8-12-2021,No Type,No Stage,2.532,,,,,,,,,,,,,,,,,,,,,,,,,,,,,,,,,,,,,,,,,
P,18320,THOMPSON ASHLEY,WASCO COUNTY EXTENSION,400 E SCENIC DR ,STE 2-278,THE DALLES,OR,97058,8/19/2021,8/21/2021,61466,ASHLEY THOMPSON,APPLE LEAF,245A 8-12-2021,No Type,No Stage,2.534,,,,,,,,,,,,,,,,,,,,,,,,,,,,,,,,,,,,,,,,,
P,18320,THOMPSON ASHLEY,WASCO COUNTY EXTENSION,400 E SCENIC DR ,STE 2-278,THE DALLES,OR,97058,8/19/2021,8/21/2021,61398,ASHLEY THOMPSON,APPLE LEAF,211A 8-12-2021,No Type,No Stage,2.535,,,,,,,,,,,,,,,,,,,,,,,,,,,,,,,,,,,,,,,,,
P,18320,THOMPSON ASHLEY,WASCO COUNTY EXTENSION,400 E SCENIC DR ,STE 2-278,THE DALLES,OR,97058,8/19/2021,8/21/2021,61521,ASHLEY THOMPSON,APPLE LEAF,274A 8-12-2021,No Type,No Stage,2.536,,,,,,,,,,,,,,,,,,,,,,,,,,,,,,,,,,,,,,,,,
P,18320,THOMPSON ASHLEY,WASCO COUNTY EXTENSION,400 E SCENIC DR ,STE 2-278,THE DALLES,OR,97058,8/19/2021,8/21/2021,61753,ASHLEY THOMPSON,APPLE LEAF,598 8-12-2021,No Type,No Stage,2.536,,,,,,,,,,,,,,,,,,,,,,,,,,,,,,,,,,,,,,,,,
P,18320,THOMPSON ASHLEY,WASCO COUNTY EXTENSION,400 E SCENIC DR ,STE 2-278,THE DALLES,OR,97058,8/19/2021,8/21/2021,61626,ASHLEY THOMPSON,APPLE LEAF,533 8-12-2021,No Type,No Stage,2.537,,,,,,,,,,,,,,,,,,,,,,,,,,,,,,,,,,,,,,,,,
P,18320,THOMPSON ASHLEY,WASCO COUNTY EXTENSION,400 E SCENIC DR ,STE 2-278,THE DALLES,OR,97058,8/19/2021,8/21/2021,61504,ASHLEY THOMPSON,APPLE LEAF,265 8-12-2021,No Type,No Stage,2.539,,,,,,,,,,,,,,,,,,,,,,,,,,,,,,,,,,,,,,,,,
P,18320,THOMPSON ASHLEY,WASCO COUNTY EXTENSION,400 E SCENIC DR ,STE 2-278,THE DALLES,OR,97058,9/2/2021,9/7/2021,8140,ASHLEY THOMPSON,APPLE LEAF,503,Apple,Mid Season,2.542,,,,,,,,,,,,,,,,,,,,,,,,,,,,,,,,,,,,,,,,,
P,18320,THOMPSON ASHLEY,WASCO COUNTY EXTENSION,400 E SCENIC DR ,STE 2-278,THE DALLES,OR,97058,8/19/2021,8/21/2021,61560,ASHLEY THOMPSON,APPLE LEAF,294 8-12-2021,No Type,No Stage,2.545,,,,,,,,,,,,,,,,,,,,,,,,,,,,,,,,,,,,,,,,,
P,18320,THOMPSON ASHLEY,WASCO COUNTY EXTENSION,400 E SCENIC DR ,STE 2-278,THE DALLES,OR,97058,8/19/2021,8/21/2021,61467,ASHLEY THOMPSON,APPLE LEAF,246 8-12-2021,No Type,No Stage,2.547,,,,,,,,,,,,,,,,,,,,,,,,,,,,,,,,,,,,,,,,,
P,18320,THOMPSON ASHLEY,WASCO COUNTY EXTENSION,400 E SCENIC DR ,STE 2-278,THE DALLES,OR,97058,8/19/2021,8/21/2021,61516,ASHLEY THOMPSON,APPLE LEAF,271 8-12-2021,No Type,No Stage,2.547,,,,,,,,,,,,,,,,,,,,,,,,,,,,,,,,,,,,,,,,,
P,18320,THOMPSON ASHLEY,WASCO COUNTY EXTENSION,400 E SCENIC DR ,STE 2-278,THE DALLES,OR,97058,8/19/2021,8/21/2021,61454,ASHLEY THOMPSON,APPLE LEAF,239A 8-12-2021,No Type,No Stage,2.549,,,,,,,,,,,,,,,,,,,,,,,,,,,,,,,,,,,,,,,,,
P,18320,THOMPSON ASHLEY,WASCO COUNTY EXTENSION,400 E SCENIC DR ,STE 2-278,THE DALLES,OR,97058,8/19/2021,8/21/2021,61596,ASHLEY THOMPSON,APPLE LEAF,517 8-12-2021,No Type,No Stage,2.552,,,,,,,,,,,,,,,,,,,,,,,,,,,,,,,,,,,,,,,,,
P,18320,THOMPSON ASHLEY,WASCO COUNTY EXTENSION,400 E SCENIC DR ,STE 2-278,THE DALLES,OR,97058,8/19/2021,8/21/2021,61402,ASHLEY THOMPSON,APPLE LEAF,213A 8-12-2021,No Type,No Stage,2.553,,,,,,,,,,,,,,,,,,,,,,,,,,,,,,,,,,,,,,,,,
P,18320,THOMPSON ASHLEY,WASCO COUNTY EXTENSION,400 E SCENIC DR ,STE 2-278,THE DALLES,OR,97058,8/19/2021,8/21/2021,61543,ASHLEY THOMPSON,APPLE LEAF,285A 8-12-2021,No Type,No Stage,2.555,,,,,,,,,,,,,,,,,,,,,,,,,,,,,,,,,,,,,,,,,
P,18320,THOMPSON ASHLEY,WASCO COUNTY EXTENSION,400 E SCENIC DR ,STE 2-278,THE DALLES,OR,97058,8/19/2021,8/21/2021,61395,ASHLEY THOMPSON,APPLE LEAF,210 8-12-2021,No Type,No Stage,2.56,,,,,,,,,,,,,,,,,,,,,,,,,,,,,,,,,,,,,,,,,
P,18320,THOMPSON ASHLEY,WASCO COUNTY EXTENSION,400 E SCENIC DR ,STE 2-278,THE DALLES,OR,97058,8/19/2021,8/21/2021,61642,ASHLEY THOMPSON,APPLE LEAF,542 8-12-2021,No Type,No Stage,2.56,,,,,,,,,,,,,,,,,,,,,,,,,,,,,,,,,,,,,,,,,
P,18320,THOMPSON ASHLEY,WASCO COUNTY EXTENSION,400 E SCENIC DR ,STE 2-278,THE DALLES,OR,97058,8/19/2021,8/21/2021,61524,ASHLEY THOMPSON,APPLE LEAF,276 8-12-2021,No Type,No Stage,2.563,,,,,,,,,,,,,,,,,,,,,,,,,,,,,,,,,,,,,,,,,
P,18320,THOMPSON ASHLEY,WASCO COUNTY EXTENSION,400 E SCENIC DR ,STE 2-278,THE DALLES,OR,97058,8/19/2021,8/21/2021,61449,ASHLEY THOMPSON,APPLE LEAF,237 8-12-2021,No Type,No Stage,2.564,,,,,,,,,,,,,,,,,,,,,,,,,,,,,,,,,,,,,,,,,
P,18320,THOMPSON ASHLEY,WASCO COUNTY EXTENSION,400 E SCENIC DR ,STE 2-278,THE DALLES,OR,97058,8/19/2021,8/21/2021,61379,ASHLEY THOMPSON,APPLE LEAF,202 8-12-2021,No Type,No Stage,2.567,,,,,,,,,,,,,,,,,,,,,,,,,,,,,,,,,,,,,,,,,
P,18320,THOMPSON ASHLEY,WASCO COUNTY EXTENSION,400 E SCENIC DR ,STE 2-278,THE DALLES,OR,97058,8/19/2021,8/21/2021,61421,ASHLEY THOMPSON,APPLE LEAF,223 8-12-2021,No Type,No Stage,2.567,,,,,,,,,,,,,,,,,,,,,,,,,,,,,,,,,,,,,,,,,
P,18320,THOMPSON ASHLEY,WASCO COUNTY EXTENSION,400 E SCENIC DR ,STE 2-278,THE DALLES,OR,97058,8/19/2021,8/21/2021,61747,ASHLEY THOMPSON,APPLE LEAF,595 8-12-2021,No Type,No Stage,2.567,,,,,,,,,,,,,,,,,,,,,,,,,,,,,,,,,,,,,,,,,
P,18320,THOMPSON ASHLEY,WASCO COUNTY EXTENSION,400 E SCENIC DR ,STE 2-278,THE DALLES,OR,97058,8/19/2021,8/21/2021,61394,ASHLEY THOMPSON,APPLE LEAF,209A 8-12-2021,No Type,No Stage,2.569,,,,,,,,,,,,,,,,,,,,,,,,,,,,,,,,,,,,,,,,,
P,18320,THOMPSON ASHLEY,WASCO COUNTY EXTENSION,400 E SCENIC DR ,STE 2-278,THE DALLES,OR,97058,8/19/2021,8/21/2021,61722,ASHLEY THOMPSON,APPLE LEAF,582A 8-12-2021,No Type,No Stage,2.571,,,,,,,,,,,,,,,,,,,,,,,,,,,,,,,,,,,,,,,,,
P,18320,THOMPSON ASHLEY,WASCO COUNTY EXTENSION,400 E SCENIC DR ,STE 2-278,THE DALLES,OR,97058,8/19/2021,8/21/2021,61510,ASHLEY THOMPSON,APPLE LEAF,268 8-12-2021,No Type,No Stage,2.573,,,,,,,,,,,,,,,,,,,,,,,,,,,,,,,,,,,,,,,,,
P,18320,THOMPSON ASHLEY,WASCO COUNTY EXTENSION,400 E SCENIC DR ,STE 2-278,THE DALLES,OR,97058,8/19/2021,8/21/2021,61457,ASHLEY THOMPSON,APPLE LEAF,241 8-12-2021,No Type,No Stage,2.574,,,,,,,,,,,,,,,,,,,,,,,,,,,,,,,,,,,,,,,,,
P,18320,THOMPSON ASHLEY,WASCO COUNTY EXTENSION,400 E SCENIC DR ,STE 2-278,THE DALLES,OR,97058,8/19/2021,8/21/2021,61632,ASHLEY THOMPSON,APPLE LEAF,536 8-12-2021,No Type,No Stage,2.575,,,,,,,,,,,,,,,,,,,,,,,,,,,,,,,,,,,,,,,,,
P,18320,THOMPSON ASHLEY,WASCO COUNTY EXTENSION,400 E SCENIC DR ,STE 2-278,THE DALLES,OR,97058,9/2/2021,9/7/2021,8145,ASHLEY THOMPSON,APPLE LEAF,505A,Apple,Mid Season,2.575,,,,,,,,,,,,,,,,,,,,,,,,,,,,,,,,,,,,,,,,,
P,18320,THOMPSON ASHLEY,WASCO COUNTY EXTENSION,400 E SCENIC DR ,STE 2-278,THE DALLES,OR,97058,8/19/2021,8/21/2021,61389,ASHLEY THOMPSON,APPLE LEAF,207 8-12-2021,No Type,No Stage,2.576,,,,,,,,,,,,,,,,,,,,,,,,,,,,,,,,,,,,,,,,,
P,18320,THOMPSON ASHLEY,WASCO COUNTY EXTENSION,400 E SCENIC DR ,STE 2-278,THE DALLES,OR,97058,8/19/2021,8/21/2021,61627,ASHLEY THOMPSON,APPLE LEAF,533A 8-12-2021,No Type,No Stage,2.579,,,,,,,,,,,,,,,,,,,,,,,,,,,,,,,,,,,,,,,,,
P,18320,THOMPSON ASHLEY,WASCO COUNTY EXTENSION,400 E SCENIC DR ,STE 2-278,THE DALLES,OR,97058,8/19/2021,8/21/2021,61431,ASHLEY THOMPSON,APPLE LEAF,228 8-12-2021,No Type,No Stage,2.584,,,,,,,,,,,,,,,,,,,,,,,,,,,,,,,,,,,,,,,,,
P,18320,THOMPSON ASHLEY,WASCO COUNTY EXTENSION,400 E SCENIC DR ,STE 2-278,THE DALLES,OR,97058,8/19/2021,8/21/2021,61441,ASHLEY THOMPSON,APPLE LEAF,233 8-12-2021,No Type,No Stage,2.584,,,,,,,,,,,,,,,,,,,,,,,,,,,,,,,,,,,,,,,,,
P,18320,THOMPSON ASHLEY,WASCO COUNTY EXTENSION,400 E SCENIC DR ,STE 2-278,THE DALLES,OR,97058,8/19/2021,8/21/2021,61688,ASHLEY THOMPSON,APPLE LEAF,565A 8-12-2021,No Type,No Stage,2.588,,,,,,,,,,,,,,,,,,,,,,,,,,,,,,,,,,,,,,,,,
P,18320,THOMPSON ASHLEY,WASCO COUNTY EXTENSION,400 E SCENIC DR ,STE 2-278,THE DALLES,OR,97058,8/19/2021,8/21/2021,61612,ASHLEY THOMPSON,APPLE LEAF,525 8-12-2021,No Type,No Stage,2.591,,,,,,,,,,,,,,,,,,,,,,,,,,,,,,,,,,,,,,,,,
P,18320,THOMPSON ASHLEY,WASCO COUNTY EXTENSION,400 E SCENIC DR ,STE 2-278,THE DALLES,OR,97058,8/19/2021,8/21/2021,61458,ASHLEY THOMPSON,APPLE LEAF,241A 8-12-2021,No Type,No Stage,2.593,,,,,,,,,,,,,,,,,,,,,,,,,,,,,,,,,,,,,,,,,
P,18320,THOMPSON ASHLEY,WASCO COUNTY EXTENSION,400 E SCENIC DR ,STE 2-278,THE DALLES,OR,97058,8/19/2021,8/21/2021,61647,ASHLEY THOMPSON,APPLE LEAF,544A 8-12-2021,No Type,No Stage,2.593,,,,,,,,,,,,,,,,,,,,,,,,,,,,,,,,,,,,,,,,,
P,18320,THOMPSON ASHLEY,WASCO COUNTY EXTENSION,400 E SCENIC DR ,STE 2-278,THE DALLES,OR,97058,8/19/2021,8/21/2021,61447,ASHLEY THOMPSON,APPLE LEAF,236 8-12-2021,No Type,No Stage,2.595,,,,,,,,,,,,,,,,,,,,,,,,,,,,,,,,,,,,,,,,,
P,18320,THOMPSON ASHLEY,WASCO COUNTY EXTENSION,400 E SCENIC DR ,STE 2-278,THE DALLES,OR,97058,8/19/2021,8/21/2021,61669,ASHLEY THOMPSON,APPLE LEAF,556 8-12-2021,No Type,No Stage,2.596,,,,,,,,,,,,,,,,,,,,,,,,,,,,,,,,,,,,,,,,,
P,18320,THOMPSON ASHLEY,WASCO COUNTY EXTENSION,400 E SCENIC DR ,STE 2-278,THE DALLES,OR,97058,8/19/2021,8/21/2021,61424,ASHLEY THOMPSON,APPLE LEAF,224A 8-12-2021,No Type,No Stage,2.597,,,,,,,,,,,,,,,,,,,,,,,,,,,,,,,,,,,,,,,,,
P,18320,THOMPSON ASHLEY,WASCO COUNTY EXTENSION,400 E SCENIC DR ,STE 2-278,THE DALLES,OR,97058,8/19/2021,8/21/2021,61529,ASHLEY THOMPSON,APPLE LEAF,278A 8-12-2021,No Type,No Stage,2.6,,,,,,,,,,,,,,,,,,,,,,,,,,,,,,,,,,,,,,,,,
P,18320,THOMPSON ASHLEY,WASCO COUNTY EXTENSION,400 E SCENIC DR ,STE 2-278,THE DALLES,OR,97058,8/19/2021,8/21/2021,61542,ASHLEY THOMPSON,APPLE LEAF,285 8-12-2021,No Type,No Stage,2.6,,,,,,,,,,,,,,,,,,,,,,,,,,,,,,,,,,,,,,,,,
P,18320,THOMPSON ASHLEY,WASCO COUNTY EXTENSION,400 E SCENIC DR ,STE 2-278,THE DALLES,OR,97058,8/19/2021,8/21/2021,61444,ASHLEY THOMPSON,APPLE LEAF,234A 8-12-2021,No Type,No Stage,2.602,,,,,,,,,,,,,,,,,,,,,,,,,,,,,,,,,,,,,,,,,
P,18320,THOMPSON ASHLEY,WASCO COUNTY EXTENSION,400 E SCENIC DR ,STE 2-278,THE DALLES,OR,97058,8/19/2021,8/21/2021,61525,ASHLEY THOMPSON,APPLE LEAF,276A 8-12-2021,No Type,No Stage,2.603,,,,,,,,,,,,,,,,,,,,,,,,,,,,,,,,,,,,,,,,,
P,18320,THOMPSON ASHLEY,WASCO COUNTY EXTENSION,400 E SCENIC DR ,STE 2-278,THE DALLES,OR,97058,8/19/2021,8/21/2021,61569,ASHLEY THOMPSON,APPLE LEAF,502A 8-12-2021,No Type,No Stage,2.603,,,,,,,,,,,,,,,,,,,,,,,,,,,,,,,,,,,,,,,,,
P,18320,THOMPSON ASHLEY,WASCO COUNTY EXTENSION,400 E SCENIC DR ,STE 2-278,THE DALLES,OR,97058,8/19/2021,8/21/2021,61520,ASHLEY THOMPSON,APPLE LEAF,274 8-12-2021,No Type,No Stage,2.604,,,,,,,,,,,,,,,,,,,,,,,,,,,,,,,,,,,,,,,,,
P,18320,THOMPSON ASHLEY,WASCO COUNTY EXTENSION,400 E SCENIC DR ,STE 2-278,THE DALLES,OR,97058,8/19/2021,8/21/2021,61668,ASHLEY THOMPSON,APPLE LEAF,555A 8-12-2021,No Type,No Stage,2.604,,,,,,,,,,,,,,,,,,,,,,,,,,,,,,,,,,,,,,,,,
P,18320,THOMPSON ASHLEY,WASCO COUNTY EXTENSION,400 E SCENIC DR ,STE 2-278,THE DALLES,OR,97058,8/19/2021,8/21/2021,61637,ASHLEY THOMPSON,APPLE LEAF,538A 8-12-2021,No Type,No Stage,2.605,,,,,,,,,,,,,,,,,,,,,,,,,,,,,,,,,,,,,,,,,
P,18320,THOMPSON ASHLEY,WASCO COUNTY EXTENSION,400 E SCENIC DR ,STE 2-278,THE DALLES,OR,97058,8/19/2021,8/21/2021,61442,ASHLEY THOMPSON,APPLE LEAF,233A 8-12-2021,No Type,No Stage,2.606,,,,,,,,,,,,,,,,,,,,,,,,,,,,,,,,,,,,,,,,,
P,18320,THOMPSON ASHLEY,WASCO COUNTY EXTENSION,400 E SCENIC DR ,STE 2-278,THE DALLES,OR,97058,8/19/2021,8/21/2021,61556,ASHLEY THOMPSON,APPLE LEAF,292 8-12-2021,No Type,No Stage,2.607,,,,,,,,,,,,,,,,,,,,,,,,,,,,,,,,,,,,,,,,,
P,18320,THOMPSON ASHLEY,WASCO COUNTY EXTENSION,400 E SCENIC DR ,STE 2-278,THE DALLES,OR,97058,8/19/2021,8/21/2021,61754,ASHLEY THOMPSON,APPLE LEAF,598A 8-12-2021,No Type,No Stage,2.607,,,,,,,,,,,,,,,,,,,,,,,,,,,,,,,,,,,,,,,,,
P,18320,THOMPSON ASHLEY,WASCO COUNTY EXTENSION,400 E SCENIC DR ,STE 2-278,THE DALLES,OR,97058,8/19/2021,8/21/2021,61656,ASHLEY THOMPSON,APPLE LEAF,548A 8-12-2021,No Type,No Stage,2.608,,,,,,,,,,,,,,,,,,,,,,,,,,,,,,,,,,,,,,,,,
P,18320,THOMPSON ASHLEY,WASCO COUNTY EXTENSION,400 E SCENIC DR ,STE 2-278,THE DALLES,OR,97058,8/19/2021,8/21/2021,61713,ASHLEY THOMPSON,APPLE LEAF,578 8-12-2021,No Type,No Stage,2.608,,,,,,,,,,,,,,,,,,,,,,,,,,,,,,,,,,,,,,,,,
P,18320,THOMPSON ASHLEY,WASCO COUNTY EXTENSION,400 E SCENIC DR ,STE 2-278,THE DALLES,OR,97058,8/19/2021,8/21/2021,61636,ASHLEY THOMPSON,APPLE LEAF,538 8-12-2021,No Type,No Stage,2.609,,,,,,,,,,,,,,,,,,,,,,,,,,,,,,,,,,,,,,,,,
P,18320,THOMPSON ASHLEY,WASCO COUNTY EXTENSION,400 E SCENIC DR ,STE 2-278,THE DALLES,OR,97058,8/19/2021,8/21/2021,61478,ASHLEY THOMPSON,APPLE LEAF,252 8-12-2021,No Type,No Stage,2.613,,,,,,,,,,,,,,,,,,,,,,,,,,,,,,,,,,,,,,,,,
P,18320,THOMPSON ASHLEY,WASCO COUNTY EXTENSION,400 E SCENIC DR ,STE 2-278,THE DALLES,OR,97058,8/19/2021,8/21/2021,61486,ASHLEY THOMPSON,APPLE LEAF,256 8-12-2021,No Type,No Stage,2.613,,,,,,,,,,,,,,,,,,,,,,,,,,,,,,,,,,,,,,,,,
P,18320,THOMPSON ASHLEY,WASCO COUNTY EXTENSION,400 E SCENIC DR ,STE 2-278,THE DALLES,OR,97058,8/19/2021,8/21/2021,61682,ASHLEY THOMPSON,APPLE LEAF,562A 8-12-2021,No Type,No Stage,2.616,,,,,,,,,,,,,,,,,,,,,,,,,,,,,,,,,,,,,,,,,
P,18320,THOMPSON ASHLEY,WASCO COUNTY EXTENSION,400 E SCENIC DR ,STE 2-278,THE DALLES,OR,97058,8/19/2021,8/21/2021,61653,ASHLEY THOMPSON,APPLE LEAF,547A 8-12-2021,No Type,No Stage,2.617,,,,,,,,,,,,,,,,,,,,,,,,,,,,,,,,,,,,,,,,,
P,18320,THOMPSON ASHLEY,WASCO COUNTY EXTENSION,400 E SCENIC DR ,STE 2-278,THE DALLES,OR,97058,8/19/2021,8/21/2021,61482,ASHLEY THOMPSON,APPLE LEAF,254 8-12-2021,No Type,No Stage,2.62,,,,,,,,,,,,,,,,,,,,,,,,,,,,,,,,,,,,,,,,,
P,18320,THOMPSON ASHLEY,WASCO COUNTY EXTENSION,400 E SCENIC DR ,STE 2-278,THE DALLES,OR,97058,8/19/2021,8/21/2021,61581,ASHLEY THOMPSON,APPLE LEAF,508A 8-12-2021,No Type,No Stage,2.62,,,,,,,,,,,,,,,,,,,,,,,,,,,,,,,,,,,,,,,,,
P,18320,THOMPSON ASHLEY,WASCO COUNTY EXTENSION,400 E SCENIC DR ,STE 2-278,THE DALLES,OR,97058,8/19/2021,8/21/2021,61388,ASHLEY THOMPSON,APPLE LEAF,206A 8-12-2021,No Type,No Stage,2.624,,,,,,,,,,,,,,,,,,,,,,,,,,,,,,,,,,,,,,,,,
P,18320,THOMPSON ASHLEY,WASCO COUNTY EXTENSION,400 E SCENIC DR ,STE 2-278,THE DALLES,OR,97058,8/19/2021,8/21/2021,61397,ASHLEY THOMPSON,APPLE LEAF,211 8-12-2021,No Type,No Stage,2.625,,,,,,,,,,,,,,,,,,,,,,,,,,,,,,,,,,,,,,,,,
P,18320,THOMPSON ASHLEY,WASCO COUNTY EXTENSION,400 E SCENIC DR ,STE 2-278,THE DALLES,OR,97058,8/19/2021,8/21/2021,61456,ASHLEY THOMPSON,APPLE LEAF,240A 8-12-2021,No Type,No Stage,2.625,,,,,,,,,,,,,,,,,,,,,,,,,,,,,,,,,,,,,,,,,
P,18320,THOMPSON ASHLEY,WASCO COUNTY EXTENSION,400 E SCENIC DR ,STE 2-278,THE DALLES,OR,97058,9/2/2021,9/7/2021,8150,ASHLEY THOMPSON,APPLE LEAF,554A,Apple,Mid Season,2.625,,,,,,,,,,,,,,,,,,,,,,,,,,,,,,,,,,,,,,,,,
P,18320,THOMPSON ASHLEY,WASCO COUNTY EXTENSION,400 E SCENIC DR ,STE 2-278,THE DALLES,OR,97058,8/19/2021,8/21/2021,61483,ASHLEY THOMPSON,APPLE LEAF,254A 8-12-2021,No Type,No Stage,2.627,,,,,,,,,,,,,,,,,,,,,,,,,,,,,,,,,,,,,,,,,
P,18320,THOMPSON ASHLEY,WASCO COUNTY EXTENSION,400 E SCENIC DR ,STE 2-278,THE DALLES,OR,97058,8/19/2021,8/21/2021,61393,ASHLEY THOMPSON,APPLE LEAF,209 8-12-2021,No Type,No Stage,2.633,,,,,,,,,,,,,,,,,,,,,,,,,,,,,,,,,,,,,,,,,
P,18320,THOMPSON ASHLEY,WASCO COUNTY EXTENSION,400 E SCENIC DR ,STE 2-278,THE DALLES,OR,97058,8/19/2021,8/21/2021,61557,ASHLEY THOMPSON,APPLE LEAF,292A 8-12-2021,No Type,No Stage,2.637,,,,,,,,,,,,,,,,,,,,,,,,,,,,,,,,,,,,,,,,,
P,18320,THOMPSON ASHLEY,WASCO COUNTY EXTENSION,400 E SCENIC DR ,STE 2-278,THE DALLES,OR,97058,8/19/2021,8/21/2021,61575,ASHLEY THOMPSON,APPLE LEAF,505A 8-12-2021,No Type,No Stage,2.638,,,,,,,,,,,,,,,,,,,,,,,,,,,,,,,,,,,,,,,,,
P,18320,THOMPSON ASHLEY,WASCO COUNTY EXTENSION,400 E SCENIC DR ,STE 2-278,THE DALLES,OR,97058,8/19/2021,8/21/2021,61621,ASHLEY THOMPSON,APPLE LEAF,530A 8-12-2021,No Type,No Stage,2.639,,,,,,,,,,,,,,,,,,,,,,,,,,,,,,,,,,,,,,,,,
P,18320,THOMPSON ASHLEY,WASCO COUNTY EXTENSION,400 E SCENIC DR ,STE 2-278,THE DALLES,OR,97058,8/19/2021,8/21/2021,61630,ASHLEY THOMPSON,APPLE LEAF,535 8-12-2021,No Type,No Stage,2.641,,,,,,,,,,,,,,,,,,,,,,,,,,,,,,,,,,,,,,,,,
P,18320,THOMPSON ASHLEY,WASCO COUNTY EXTENSION,400 E SCENIC DR ,STE 2-278,THE DALLES,OR,97058,8/19/2021,8/21/2021,61619,ASHLEY THOMPSON,APPLE LEAF,529A 8-12-2021,No Type,No Stage,2.648,,,,,,,,,,,,,,,,,,,,,,,,,,,,,,,,,,,,,,,,,
P,18320,THOMPSON ASHLEY,WASCO COUNTY EXTENSION,400 E SCENIC DR ,STE 2-278,THE DALLES,OR,97058,8/19/2021,8/21/2021,61422,ASHLEY THOMPSON,APPLE LEAF,223A 8-12-2021,No Type,No Stage,2.651,,,,,,,,,,,,,,,,,,,,,,,,,,,,,,,,,,,,,,,,,
P,18320,THOMPSON ASHLEY,WASCO COUNTY EXTENSION,400 E SCENIC DR ,STE 2-278,THE DALLES,OR,97058,8/19/2021,8/21/2021,61611,ASHLEY THOMPSON,APPLE LEAF,524A 8-12-2021,No Type,No Stage,2.651,,,,,,,,,,,,,,,,,,,,,,,,,,,,,,,,,,,,,,,,,
P,18320,THOMPSON ASHLEY,WASCO COUNTY EXTENSION,400 E SCENIC DR ,STE 2-278,THE DALLES,OR,97058,8/19/2021,8/21/2021,61545,ASHLEY THOMPSON,APPLE LEAF,286A 8-12-2021,No Type,No Stage,2.652,,,,,,,,,,,,,,,,,,,,,,,,,,,,,,,,,,,,,,,,,
P,18320,THOMPSON ASHLEY,WASCO COUNTY EXTENSION,400 E SCENIC DR ,STE 2-278,THE DALLES,OR,97058,8/19/2021,8/21/2021,61455,ASHLEY THOMPSON,APPLE LEAF,240 8-12-2021,No Type,No Stage,2.655,,,,,,,,,,,,,,,,,,,,,,,,,,,,,,,,,,,,,,,,,
P,18320,THOMPSON ASHLEY,WASCO COUNTY EXTENSION,400 E SCENIC DR ,STE 2-278,THE DALLES,OR,97058,8/19/2021,8/21/2021,61616,ASHLEY THOMPSON,APPLE LEAF,528 8-12-2021,No Type,No Stage,2.659,,,,,,,,,,,,,,,,,,,,,,,,,,,,,,,,,,,,,,,,,
P,18320,THOMPSON ASHLEY,WASCO COUNTY EXTENSION,400 E SCENIC DR ,STE 2-278,THE DALLES,OR,97058,8/19/2021,8/21/2021,61649,ASHLEY THOMPSON,APPLE LEAF,545A 8-12-2021,No Type,No Stage,2.666,,,,,,,,,,,,,,,,,,,,,,,,,,,,,,,,,,,,,,,,,
P,18320,THOMPSON ASHLEY,WASCO COUNTY EXTENSION,400 E SCENIC DR ,STE 2-278,THE DALLES,OR,97058,8/19/2021,8/21/2021,61387,ASHLEY THOMPSON,APPLE LEAF,206 8-12-2021,No Type,No Stage,2.669,,,,,,,,,,,,,,,,,,,,,,,,,,,,,,,,,,,,,,,,,
P,18320,THOMPSON ASHLEY,WASCO COUNTY EXTENSION,400 E SCENIC DR ,STE 2-278,THE DALLES,OR,97058,8/19/2021,8/21/2021,61565,ASHLEY THOMPSON,APPLE LEAF,296A 8-12-2021,No Type,No Stage,2.677,,,,,,,,,,,,,,,,,,,,,,,,,,,,,,,,,,,,,,,,,
P,18320,THOMPSON ASHLEY,WASCO COUNTY EXTENSION,400 E SCENIC DR ,STE 2-278,THE DALLES,OR,97058,8/19/2021,8/21/2021,61574,ASHLEY THOMPSON,APPLE LEAF,505 8-12-2021,No Type,No Stage,2.677,,,,,,,,,,,,,,,,,,,,,,,,,,,,,,,,,,,,,,,,,
P,18320,THOMPSON ASHLEY,WASCO COUNTY EXTENSION,400 E SCENIC DR ,STE 2-278,THE DALLES,OR,97058,8/19/2021,8/21/2021,61508,ASHLEY THOMPSON,APPLE LEAF,267 8-12-2021,No Type,No Stage,2.68,,,,,,,,,,,,,,,,,,,,,,,,,,,,,,,,,,,,,,,,,
P,18320,THOMPSON ASHLEY,WASCO COUNTY EXTENSION,400 E SCENIC DR ,STE 2-278,THE DALLES,OR,97058,8/19/2021,8/21/2021,61666,ASHLEY THOMPSON,APPLE LEAF,553A 8-12-2021,No Type,No Stage,2.682,,,,,,,,,,,,,,,,,,,,,,,,,,,,,,,,,,,,,,,,,
P,18320,THOMPSON ASHLEY,WASCO COUNTY EXTENSION,400 E SCENIC DR ,STE 2-278,THE DALLES,OR,97058,8/19/2021,8/21/2021,61518,ASHLEY THOMPSON,APPLE LEAF,272 8-12-2021,No Type,No Stage,2.685,,,,,,,,,,,,,,,,,,,,,,,,,,,,,,,,,,,,,,,,,
P,18320,THOMPSON ASHLEY,WASCO COUNTY EXTENSION,400 E SCENIC DR ,STE 2-278,THE DALLES,OR,97058,8/19/2021,8/21/2021,61675,ASHLEY THOMPSON,APPLE LEAF,559 8-12-2021,No Type,No Stage,2.685,,,,,,,,,,,,,,,,,,,,,,,,,,,,,,,,,,,,,,,,,
P,18320,THOMPSON ASHLEY,WASCO COUNTY EXTENSION,400 E SCENIC DR ,STE 2-278,THE DALLES,OR,97058,8/19/2021,8/21/2021,61479,ASHLEY THOMPSON,APPLE LEAF,252A 8-12-2021,No Type,No Stage,2.687,,,,,,,,,,,,,,,,,,,,,,,,,,,,,,,,,,,,,,,,,
P,18320,THOMPSON ASHLEY,WASCO COUNTY EXTENSION,400 E SCENIC DR ,STE 2-278,THE DALLES,OR,97058,8/19/2021,8/21/2021,61670,ASHLEY THOMPSON,APPLE LEAF,556A 8-12-2021,No Type,No Stage,2.69,,,,,,,,,,,,,,,,,,,,,,,,,,,,,,,,,,,,,,,,,
P,18320,THOMPSON ASHLEY,WASCO COUNTY EXTENSION,400 E SCENIC DR ,STE 2-278,THE DALLES,OR,97058,8/19/2021,8/21/2021,61664,ASHLEY THOMPSON,APPLE LEAF,552A 8-12-2021,No Type,No Stage,2.691,,,,,,,,,,,,,,,,,,,,,,,,,,,,,,,,,,,,,,,,,
P,18320,THOMPSON ASHLEY,WASCO COUNTY EXTENSION,400 E SCENIC DR ,STE 2-278,THE DALLES,OR,97058,8/19/2021,8/21/2021,61562,ASHLEY THOMPSON,APPLE LEAF,295 8-12-2021,No Type,No Stage,2.692,,,,,,,,,,,,,,,,,,,,,,,,,,,,,,,,,,,,,,,,,
P,18320,THOMPSON ASHLEY,WASCO COUNTY EXTENSION,400 E SCENIC DR ,STE 2-278,THE DALLES,OR,97058,8/19/2021,8/21/2021,61651,ASHLEY THOMPSON,APPLE LEAF,546A 8-12-2021,No Type,No Stage,2.697,,,,,,,,,,,,,,,,,,,,,,,,,,,,,,,,,,,,,,,,,
P,18320,THOMPSON ASHLEY,WASCO COUNTY EXTENSION,400 E SCENIC DR ,STE 2-278,THE DALLES,OR,97058,8/19/2021,8/21/2021,61685,ASHLEY THOMPSON,APPLE LEAF,564 8-12-2021,No Type,No Stage,2.698,,,,,,,,,,,,,,,,,,,,,,,,,,,,,,,,,,,,,,,,,
P,18320,THOMPSON ASHLEY,WASCO COUNTY EXTENSION,400 E SCENIC DR ,STE 2-278,THE DALLES,OR,97058,8/19/2021,8/21/2021,61648,ASHLEY THOMPSON,APPLE LEAF,545 8-12-2021,No Type,No Stage,2.699,,,,,,,,,,,,,,,,,,,,,,,,,,,,,,,,,,,,,,,,,
P,18320,THOMPSON ASHLEY,WASCO COUNTY EXTENSION,400 E SCENIC DR ,STE 2-278,THE DALLES,OR,97058,8/19/2021,8/21/2021,61452,ASHLEY THOMPSON,APPLE LEAF,238A 8-12-2021,No Type,No Stage,2.702,,,,,,,,,,,,,,,,,,,,,,,,,,,,,,,,,,,,,,,,,
P,18320,THOMPSON ASHLEY,WASCO COUNTY EXTENSION,400 E SCENIC DR ,STE 2-278,THE DALLES,OR,97058,8/19/2021,8/21/2021,61597,ASHLEY THOMPSON,APPLE LEAF,517A 8-12-2021,No Type,No Stage,2.703,,,,,,,,,,,,,,,,,,,,,,,,,,,,,,,,,,,,,,,,,
P,18320,THOMPSON ASHLEY,WASCO COUNTY EXTENSION,400 E SCENIC DR ,STE 2-278,THE DALLES,OR,97058,8/19/2021,8/21/2021,61667,ASHLEY THOMPSON,APPLE LEAF,555 8-12-2021,No Type,No Stage,2.704,,,,,,,,,,,,,,,,,,,,,,,,,,,,,,,,,,,,,,,,,
P,18320,THOMPSON ASHLEY,WASCO COUNTY EXTENSION,400 E SCENIC DR ,STE 2-278,THE DALLES,OR,97058,8/19/2021,8/21/2021,61514,ASHLEY THOMPSON,APPLE LEAF,270 8-12-2021,No Type,No Stage,2.713,,,,,,,,,,,,,,,,,,,,,,,,,,,,,,,,,,,,,,,,,
P,18320,THOMPSON ASHLEY,WASCO COUNTY EXTENSION,400 E SCENIC DR ,STE 2-278,THE DALLES,OR,97058,8/19/2021,8/21/2021,61509,ASHLEY THOMPSON,APPLE LEAF,267A 8-12-2021,No Type,No Stage,2.714,,,,,,,,,,,,,,,,,,,,,,,,,,,,,,,,,,,,,,,,,
P,18320,THOMPSON ASHLEY,WASCO COUNTY EXTENSION,400 E SCENIC DR ,STE 2-278,THE DALLES,OR,97058,8/19/2021,8/21/2021,61400,ASHLEY THOMPSON,APPLE LEAF,212A 8-12-2021,No Type,No Stage,2.716,,,,,,,,,,,,,,,,,,,,,,,,,,,,,,,,,,,,,,,,,
P,18320,THOMPSON ASHLEY,WASCO COUNTY EXTENSION,400 E SCENIC DR ,STE 2-278,THE DALLES,OR,97058,8/19/2021,8/21/2021,61645,ASHLEY THOMPSON,APPLE LEAF,543A 8-12-2021,No Type,No Stage,2.716,,,,,,,,,,,,,,,,,,,,,,,,,,,,,,,,,,,,,,,,,
P,18320,THOMPSON ASHLEY,WASCO COUNTY EXTENSION,400 E SCENIC DR ,STE 2-278,THE DALLES,OR,97058,8/19/2021,8/21/2021,61487,ASHLEY THOMPSON,APPLE LEAF,256A 8-12-2021,No Type,No Stage,2.72,,,,,,,,,,,,,,,,,,,,,,,,,,,,,,,,,,,,,,,,,
P,18320,THOMPSON ASHLEY,WASCO COUNTY EXTENSION,400 E SCENIC DR ,STE 2-278,THE DALLES,OR,97058,8/19/2021,8/21/2021,61409,ASHLEY THOMPSON,APPLE LEAF,217 8-12-2021,No Type,No Stage,2.721,,,,,,,,,,,,,,,,,,,,,,,,,,,,,,,,,,,,,,,,,
P,18320,THOMPSON ASHLEY,WASCO COUNTY EXTENSION,400 E SCENIC DR ,STE 2-278,THE DALLES,OR,97058,8/19/2021,8/21/2021,61443,ASHLEY THOMPSON,APPLE LEAF,234 8-12-2021,No Type,No Stage,2.721,,,,,,,,,,,,,,,,,,,,,,,,,,,,,,,,,,,,,,,,,
P,18320,THOMPSON ASHLEY,WASCO COUNTY EXTENSION,400 E SCENIC DR ,STE 2-278,THE DALLES,OR,97058,8/19/2021,8/21/2021,61386,ASHLEY THOMPSON,APPLE LEAF,205A 8-12-2021,No Type,No Stage,2.722,,,,,,,,,,,,,,,,,,,,,,,,,,,,,,,,,,,,,,,,,
P,18320,THOMPSON ASHLEY,WASCO COUNTY EXTENSION,400 E SCENIC DR ,STE 2-278,THE DALLES,OR,97058,8/19/2021,8/21/2021,61610,ASHLEY THOMPSON,APPLE LEAF,524 8-12-2021,No Type,No Stage,2.722,,,,,,,,,,,,,,,,,,,,,,,,,,,,,,,,,,,,,,,,,
P,18320,THOMPSON ASHLEY,WASCO COUNTY EXTENSION,400 E SCENIC DR ,STE 2-278,THE DALLES,OR,97058,8/19/2021,8/21/2021,61644,ASHLEY THOMPSON,APPLE LEAF,543 8-12-2021,No Type,No Stage,2.724,,,,,,,,,,,,,,,,,,,,,,,,,,,,,,,,,,,,,,,,,
P,18320,THOMPSON ASHLEY,WASCO COUNTY EXTENSION,400 E SCENIC DR ,STE 2-278,THE DALLES,OR,97058,8/19/2021,8/21/2021,61570,ASHLEY THOMPSON,APPLE LEAF,503 8-12-2021,No Type,No Stage,2.726,,,,,,,,,,,,,,,,,,,,,,,,,,,,,,,,,,,,,,,,,
P,18320,THOMPSON ASHLEY,WASCO COUNTY EXTENSION,400 E SCENIC DR ,STE 2-278,THE DALLES,OR,97058,8/19/2021,8/21/2021,61583,ASHLEY THOMPSON,APPLE LEAF,509A 8-12-2021,No Type,No Stage,2.729,,,,,,,,,,,,,,,,,,,,,,,,,,,,,,,,,,,,,,,,,
P,18320,THOMPSON ASHLEY,WASCO COUNTY EXTENSION,400 E SCENIC DR ,STE 2-278,THE DALLES,OR,97058,8/19/2021,8/21/2021,61511,ASHLEY THOMPSON,APPLE LEAF,268A 8-12-2021,No Type,No Stage,2.733,,,,,,,,,,,,,,,,,,,,,,,,,,,,,,,,,,,,,,,,,
P,18320,THOMPSON ASHLEY,WASCO COUNTY EXTENSION,400 E SCENIC DR ,STE 2-278,THE DALLES,OR,97058,8/19/2021,8/21/2021,61420,ASHLEY THOMPSON,APPLE LEAF,222A 8-12-2021,No Type,No Stage,2.736,,,,,,,,,,,,,,,,,,,,,,,,,,,,,,,,,,,,,,,,,
P,18320,THOMPSON ASHLEY,WASCO COUNTY EXTENSION,400 E SCENIC DR ,STE 2-278,THE DALLES,OR,97058,8/19/2021,8/21/2021,61451,ASHLEY THOMPSON,APPLE LEAF,238 8-12-2021,No Type,No Stage,2.736,,,,,,,,,,,,,,,,,,,,,,,,,,,,,,,,,,,,,,,,,
P,18320,THOMPSON ASHLEY,WASCO COUNTY EXTENSION,400 E SCENIC DR ,STE 2-278,THE DALLES,OR,97058,8/19/2021,8/21/2021,61527,ASHLEY THOMPSON,APPLE LEAF,277A 8-12-2021,No Type,No Stage,2.737,,,,,,,,,,,,,,,,,,,,,,,,,,,,,,,,,,,,,,,,,
P,18320,THOMPSON ASHLEY,WASCO COUNTY EXTENSION,400 E SCENIC DR ,STE 2-278,THE DALLES,OR,97058,8/19/2021,8/21/2021,61580,ASHLEY THOMPSON,APPLE LEAF,508 8-12-2021,No Type,No Stage,2.74,,,,,,,,,,,,,,,,,,,,,,,,,,,,,,,,,,,,,,,,,
P,18320,THOMPSON ASHLEY,WASCO COUNTY EXTENSION,400 E SCENIC DR ,STE 2-278,THE DALLES,OR,97058,8/19/2021,8/21/2021,61432,ASHLEY THOMPSON,APPLE LEAF,228A 8-12-2021,No Type,No Stage,2.748,,,,,,,,,,,,,,,,,,,,,,,,,,,,,,,,,,,,,,,,,
P,18320,THOMPSON ASHLEY,WASCO COUNTY EXTENSION,400 E SCENIC DR ,STE 2-278,THE DALLES,OR,97058,8/19/2021,8/21/2021,61676,ASHLEY THOMPSON,APPLE LEAF,559A 8-12-2021,No Type,No Stage,2.754,,,,,,,,,,,,,,,,,,,,,,,,,,,,,,,,,,,,,,,,,
P,18320,THOMPSON ASHLEY,WASCO COUNTY EXTENSION,400 E SCENIC DR ,STE 2-278,THE DALLES,OR,97058,8/19/2021,8/21/2021,61522,ASHLEY THOMPSON,APPLE LEAF,275 8-12-2021,No Type,No Stage,2.759,,,,,,,,,,,,,,,,,,,,,,,,,,,,,,,,,,,,,,,,,
P,18320,THOMPSON ASHLEY,WASCO COUNTY EXTENSION,400 E SCENIC DR ,STE 2-278,THE DALLES,OR,97058,8/19/2021,8/21/2021,61392,ASHLEY THOMPSON,APPLE LEAF,208A 8-12-2021,No Type,No Stage,2.76,,,,,,,,,,,,,,,,,,,,,,,,,,,,,,,,,,,,,,,,,
P,18320,THOMPSON ASHLEY,WASCO COUNTY EXTENSION,400 E SCENIC DR ,STE 2-278,THE DALLES,OR,97058,8/19/2021,8/21/2021,61652,ASHLEY THOMPSON,APPLE LEAF,547 8-12-2021,No Type,No Stage,2.771,,,,,,,,,,,,,,,,,,,,,,,,,,,,,,,,,,,,,,,,,
P,18320,THOMPSON ASHLEY,WASCO COUNTY EXTENSION,400 E SCENIC DR ,STE 2-278,THE DALLES,OR,97058,8/19/2021,8/21/2021,61629,ASHLEY THOMPSON,APPLE LEAF,534A 8-12-2021,No Type,No Stage,2.773,,,,,,,,,,,,,,,,,,,,,,,,,,,,,,,,,,,,,,,,,
P,18320,THOMPSON ASHLEY,WASCO COUNTY EXTENSION,400 E SCENIC DR ,STE 2-278,THE DALLES,OR,97058,8/19/2021,8/21/2021,61391,ASHLEY THOMPSON,APPLE LEAF,208 8-12-2021,No Type,No Stage,2.776,,,,,,,,,,,,,,,,,,,,,,,,,,,,,,,,,,,,,,,,,
P,18320,THOMPSON ASHLEY,WASCO COUNTY EXTENSION,400 E SCENIC DR ,STE 2-278,THE DALLES,OR,97058,8/19/2021,8/21/2021,61519,ASHLEY THOMPSON,APPLE LEAF,272A 8-12-2021,No Type,No Stage,2.778,,,,,,,,,,,,,,,,,,,,,,,,,,,,,,,,,,,,,,,,,
P,18320,THOMPSON ASHLEY,WASCO COUNTY EXTENSION,400 E SCENIC DR ,STE 2-278,THE DALLES,OR,97058,8/19/2021,8/21/2021,61617,ASHLEY THOMPSON,APPLE LEAF,528A 8-12-2021,No Type,No Stage,2.778,,,,,,,,,,,,,,,,,,,,,,,,,,,,,,,,,,,,,,,,,
P,18320,THOMPSON ASHLEY,WASCO COUNTY EXTENSION,400 E SCENIC DR ,STE 2-278,THE DALLES,OR,97058,8/19/2021,8/21/2021,61633,ASHLEY THOMPSON,APPLE LEAF,536A 8-12-2021,No Type,No Stage,2.782,,,,,,,,,,,,,,,,,,,,,,,,,,,,,,,,,,,,,,,,,
P,18320,THOMPSON ASHLEY,WASCO COUNTY EXTENSION,400 E SCENIC DR ,STE 2-278,THE DALLES,OR,97058,8/19/2021,8/21/2021,61561,ASHLEY THOMPSON,APPLE LEAF,294A 8-12-2021,No Type,No Stage,2.785,,,,,,,,,,,,,,,,,,,,,,,,,,,,,,,,,,,,,,,,,
P,18320,THOMPSON ASHLEY,WASCO COUNTY EXTENSION,400 E SCENIC DR ,STE 2-278,THE DALLES,OR,97058,8/19/2021,8/21/2021,61430,ASHLEY THOMPSON,APPLE LEAF,227A 8-12-2021,No Type,No Stage,2.786,,,,,,,,,,,,,,,,,,,,,,,,,,,,,,,,,,,,,,,,,
P,18320,THOMPSON ASHLEY,WASCO COUNTY EXTENSION,400 E SCENIC DR ,STE 2-278,THE DALLES,OR,97058,8/19/2021,8/21/2021,61448,ASHLEY THOMPSON,APPLE LEAF,236A 8-12-2021,No Type,No Stage,2.79,,,,,,,,,,,,,,,,,,,,,,,,,,,,,,,,,,,,,,,,,
P,18320,THOMPSON ASHLEY,WASCO COUNTY EXTENSION,400 E SCENIC DR ,STE 2-278,THE DALLES,OR,97058,8/19/2021,8/21/2021,61643,ASHLEY THOMPSON,APPLE LEAF,542A 8-12-2021,No Type,No Stage,2.799,,,,,,,,,,,,,,,,,,,,,,,,,,,,,,,,,,,,,,,,,
P,18320,THOMPSON ASHLEY,WASCO COUNTY EXTENSION,400 E SCENIC DR ,STE 2-278,THE DALLES,OR,97058,8/19/2021,8/21/2021,61385,ASHLEY THOMPSON,APPLE LEAF,205 8-12-2021,No Type,No Stage,2.801,,,,,,,,,,,,,,,,,,,,,,,,,,,,,,,,,,,,,,,,,
P,18320,THOMPSON ASHLEY,WASCO COUNTY EXTENSION,400 E SCENIC DR ,STE 2-278,THE DALLES,OR,97058,8/19/2021,8/21/2021,61615,ASHLEY THOMPSON,APPLE LEAF,527A 8-12-2021,No Type,No Stage,2.808,,,,,,,,,,,,,,,,,,,,,,,,,,,,,,,,,,,,,,,,,
P,18320,THOMPSON ASHLEY,WASCO COUNTY EXTENSION,400 E SCENIC DR ,STE 2-278,THE DALLES,OR,97058,8/19/2021,8/21/2021,61484,ASHLEY THOMPSON,APPLE LEAF,255 8-12-2021,No Type,No Stage,2.81,,,,,,,,,,,,,,,,,,,,,,,,,,,,,,,,,,,,,,,,,
P,18320,THOMPSON ASHLEY,WASCO COUNTY EXTENSION,400 E SCENIC DR ,STE 2-278,THE DALLES,OR,97058,8/19/2021,8/21/2021,61646,ASHLEY THOMPSON,APPLE LEAF,544 8-12-2021,No Type,No Stage,2.811,,,,,,,,,,,,,,,,,,,,,,,,,,,,,,,,,,,,,,,,,
P,18320,THOMPSON ASHLEY,WASCO COUNTY EXTENSION,400 E SCENIC DR ,STE 2-278,THE DALLES,OR,97058,8/19/2021,8/21/2021,61678,ASHLEY THOMPSON,APPLE LEAF,560A 8-12-2021,No Type,No Stage,2.813,,,,,,,,,,,,,,,,,,,,,,,,,,,,,,,,,,,,,,,,,
P,18320,THOMPSON ASHLEY,WASCO COUNTY EXTENSION,400 E SCENIC DR ,STE 2-278,THE DALLES,OR,97058,8/19/2021,8/21/2021,61614,ASHLEY THOMPSON,APPLE LEAF,527 8-12-2021,No Type,No Stage,2.815,,,,,,,,,,,,,,,,,,,,,,,,,,,,,,,,,,,,,,,,,
P,18320,THOMPSON ASHLEY,WASCO COUNTY EXTENSION,400 E SCENIC DR ,STE 2-278,THE DALLES,OR,97058,8/19/2021,8/21/2021,61618,ASHLEY THOMPSON,APPLE LEAF,529 8-12-2021,No Type,No Stage,2.815,,,,,,,,,,,,,,,,,,,,,,,,,,,,,,,,,,,,,,,,,
P,18320,THOMPSON ASHLEY,WASCO COUNTY EXTENSION,400 E SCENIC DR ,STE 2-278,THE DALLES,OR,97058,8/19/2021,8/21/2021,61539,ASHLEY THOMPSON,APPLE LEAF,283A 8-12-2021,No Type,No Stage,2.82,,,,,,,,,,,,,,,,,,,,,,,,,,,,,,,,,,,,,,,,,
P,18320,THOMPSON ASHLEY,WASCO COUNTY EXTENSION,400 E SCENIC DR ,STE 2-278,THE DALLES,OR,97058,8/19/2021,8/21/2021,61708,ASHLEY THOMPSON,APPLE LEAF,575A 8-12-2021,No Type,No Stage,2.831,,,,,,,,,,,,,,,,,,,,,,,,,,,,,,,,,,,,,,,,,
P,18320,THOMPSON ASHLEY,WASCO COUNTY EXTENSION,400 E SCENIC DR ,STE 2-278,THE DALLES,OR,97058,8/19/2021,8/21/2021,61748,ASHLEY THOMPSON,APPLE LEAF,595A 8-12-2021,No Type,No Stage,2.84,,,,,,,,,,,,,,,,,,,,,,,,,,,,,,,,,,,,,,,,,
P,18320,THOMPSON ASHLEY,WASCO COUNTY EXTENSION,400 E SCENIC DR ,STE 2-278,THE DALLES,OR,97058,8/19/2021,8/21/2021,61429,ASHLEY THOMPSON,APPLE LEAF,227 8-12-2021,No Type,No Stage,2.852,,,,,,,,,,,,,,,,,,,,,,,,,,,,,,,,,,,,,,,,,
P,18320,THOMPSON ASHLEY,WASCO COUNTY EXTENSION,400 E SCENIC DR ,STE 2-278,THE DALLES,OR,97058,8/19/2021,8/21/2021,61681,ASHLEY THOMPSON,APPLE LEAF,562 8-12-2021,No Type,No Stage,2.903,,,,,,,,,,,,,,,,,,,,,,,,,,,,,,,,,,,,,,,,,
P,18320,THOMPSON ASHLEY,WASCO COUNTY EXTENSION,400 E SCENIC DR ,STE 2-278,THE DALLES,OR,97058,8/19/2021,8/21/2021,61401,ASHLEY THOMPSON,APPLE LEAF,213 8-12-2021,No Type,No Stage,2.907,,,,,,,,,,,,,,,,,,,,,,,,,,,,,,,,,,,,,,,,,
P,18320,THOMPSON ASHLEY,WASCO COUNTY EXTENSION,400 E SCENIC DR ,STE 2-278,THE DALLES,OR,97058,8/19/2021,8/21/2021,61719,ASHLEY THOMPSON,APPLE LEAF,581 8-12-2021,No Type,No Stage,2.911,,,,,,,,,,,,,,,,,,,,,,,,,,,,,,,,,,,,,,,,,
P,18320,THOMPSON ASHLEY,WASCO COUNTY EXTENSION,400 E SCENIC DR ,STE 2-278,THE DALLES,OR,97058,8/19/2021,8/21/2021,61515,ASHLEY THOMPSON,APPLE LEAF,270A 8-12-2021,No Type,No Stage,2.916,,,,,,,,,,,,,,,,,,,,,,,,,,,,,,,,,,,,,,,,,
P,18320,THOMPSON ASHLEY,WASCO COUNTY EXTENSION,400 E SCENIC DR ,STE 2-278,THE DALLES,OR,97058,8/19/2021,8/21/2021,61568,ASHLEY THOMPSON,APPLE LEAF,502 8-12-2021,No Type,No Stage,2.927,,,,,,,,,,,,,,,,,,,,,,,,,,,,,,,,,,,,,,,,,
P,18320,THOMPSON ASHLEY,WASCO COUNTY EXTENSION,400 E SCENIC DR ,STE 2-278,THE DALLES,OR,97058,8/19/2021,8/21/2021,61538,ASHLEY THOMPSON,APPLE LEAF,283 8-12-2021,No Type,No Stage,2.941,,,,,,,,,,,,,,,,,,,,,,,,,,,,,,,,,,,,,,,,,
P,18320,THOMPSON ASHLEY,WASCO COUNTY EXTENSION,400 E SCENIC DR ,STE 2-278,THE DALLES,OR,97058,8/19/2021,8/21/2021,61679,ASHLEY THOMPSON,APPLE LEAF,561 8-12-2021,No Type,No Stage,2.946,,,,,,,,,,,,,,,,,,,,,,,,,,,,,,,,,,,,,,,,,
P,18320,THOMPSON ASHLEY,WASCO COUNTY EXTENSION,400 E SCENIC DR ,STE 2-278,THE DALLES,OR,97058,8/19/2021,8/21/2021,61707,ASHLEY THOMPSON,APPLE LEAF,575 8-12-2021,No Type,No Stage,2.949,,,,,,,,,,,,,,,,,,,,,,,,,,,,,,,,,,,,,,,,,
P,18320,THOMPSON ASHLEY,WASCO COUNTY EXTENSION,400 E SCENIC DR ,STE 2-278,THE DALLES,OR,97058,8/19/2021,8/21/2021,61683,ASHLEY THOMPSON,APPLE LEAF,563 8-12-2021,No Type,No Stage,2.961,,,,,,,,,,,,,,,,,,,,,,,,,,,,,,,,,,,,,,,,,
P,18320,THOMPSON ASHLEY,WASCO COUNTY EXTENSION,400 E SCENIC DR ,STE 2-278,THE DALLES,OR,97058,8/19/2021,8/21/2021,61485,ASHLEY THOMPSON,APPLE LEAF,255A 8-12-2021,No Type,No Stage,2.97,,,,,,,,,,,,,,,,,,,,,,,,,,,,,,,,,,,,,,,,,
P,18320,THOMPSON ASHLEY,WASCO COUNTY EXTENSION,400 E SCENIC DR ,STE 2-278,THE DALLES,OR,97058,8/19/2021,8/21/2021,61563,ASHLEY THOMPSON,APPLE LEAF,295A 8-12-2021,No Type,No Stage,2.981,,,,,,,,,,,,,,,,,,,,,,,,,,,,,,,,,,,,,,,,,
P,18320,THOMPSON ASHLEY,WASCO COUNTY EXTENSION,400 E SCENIC DR ,STE 2-278,THE DALLES,OR,97058,8/19/2021,8/21/2021,61380,ASHLEY THOMPSON,APPLE LEAF,202A 8-12-2021,No Type,No Stage,3.006,,,,,,,,,,,,,,,,,,,,,,,,,,,,,,,,,,,,,,,,,
P,18320,THOMPSON ASHLEY,WASCO COUNTY EXTENSION,400 E SCENIC DR ,STE 2-278,THE DALLES,OR,97058,8/19/2021,8/21/2021,61706,ASHLEY THOMPSON,APPLE LEAF,574A 8-12-2021,No Type,No Stage,3.01,,,,,,,,,,,,,,,,,,,,,,,,,,,,,,,,,,,,,,,,,
P,18320,THOMPSON ASHLEY,WASCO COUNTY EXTENSION,400 E SCENIC DR ,STE 2-278,THE DALLES,OR,97058,8/19/2021,8/21/2021,61680,ASHLEY THOMPSON,APPLE LEAF,561A 8-12-2021,No Type,No Stage,3.442,,,,,,,,,,,,,,,,,,,,,,,,,,,,,,,,,,,,,,,,,
