Kind Of Sample,Cust ID,Name,Company,Address 1,Address 2,City,State,Zip,Date Recd,Date Rept,Lab No,Grower,Field ID,Sample ID,Plant Type,Plant Stage,% N,% P,% K,% S,% Ca,% Mg,ppm Zn,ppm Fe,ppm Mn,ppm Cu,ppm B,% Cl,% Na,ppm Al,ppm Mo,ppm NO3-N,ppm PO4-P,Acetic Acid % K,Stalk Nitrate ppm NO3-N,ppm Se,Total Carbon %C,Dry Matter %,Total Dry Matter g,Biomass Wt g,Ash %,Cobalt ppm Co,Biomass T/A,Carbon Lbs/A,Nitrogen Lbs/A,Phosphorus Lbs/A,Potassium Lbs/A,Calcium Lbs/A,Magnesium Lbs/A,Sulfur Lbs/A,Chloride Lbs/A,Zinc Lbs/A,Iron Lbs/A,Manganese Lbs/A,Copper Lbs/A,Boron Lbs/A,Molybdenum Lbs/A,Fat (Oil) %
P,18320,THOMPSON ASHLEY,WASCO COUNTY EXTENSION,400 E SCENIC DR ,STE 2-278,THE DALLES,OR,97058,07/31/2020,08/02/2020,7515,ASHLEY THOMPSON,APPLE LEAVES,41249,Apple,Mid Season,2.508,0.222,1.40,0.126,1.382,0.314,116,438,41,15.6,31.1,,,,0.74,,,,,,,,,,,,,,,,,,,,,,,,,,,
P,18320,THOMPSON ASHLEY,WASCO COUNTY EXTENSION,400 E SCENIC DR ,STE 2-278,THE DALLES,OR,97058,07/31/2020,08/02/2020,7516,ASHLEY THOMPSON,APPLE LEAVES,41250,Apple,Mid Season,2.062,0.332,1.92,0.128,1.291,0.270,100,227,32,21.4,34.8,,,,0.14,,,,,,,,,,,,,,,,,,,,,,,,,,,
P,18320,THOMPSON ASHLEY,WASCO COUNTY EXTENSION,400 E SCENIC DR ,STE 2-278,THE DALLES,OR,97058,07/31/2020,08/02/2020,7517,ASHLEY THOMPSON,APPLE LEAVES,41251,Apple,Mid Season,2.616,0.258,1.60,0.152,1.627,0.416,59,224,51,25.8,35.0,,,,0.08,,,,,,,,,,,,,,,,,,,,,,,,,,,
P,18320,THOMPSON ASHLEY,WASCO COUNTY EXTENSION,400 E SCENIC DR ,STE 2-278,THE DALLES,OR,97058,07/31/2020,08/02/2020,7518,ASHLEY THOMPSON,APPLE LEAVES,41252,Apple,Mid Season,2.428,0.250,1.62,0.141,1.652,0.372,35,165,44,23.5,30.5,,,,0.39,,,,,,,,,,,,,,,,,,,,,,,,,,,
P,18320,THOMPSON ASHLEY,WASCO COUNTY EXTENSION,400 E SCENIC DR ,STE 2-278,THE DALLES,OR,97058,07/31/2020,08/02/2020,7519,ASHLEY THOMPSON,APPLE LEAVES,41253,Apple,Mid Season,2.080,0.441,2.50,0.134,1.722,0.336,31,204,52,29.7,44.9,,,,0.26,,,,,,,,,,,,,,,,,,,,,,,,,,,
P,18320,THOMPSON ASHLEY,WASCO COUNTY EXTENSION,400 E SCENIC DR ,STE 2-278,THE DALLES,OR,97058,07/31/2020,08/02/2020,7520,ASHLEY THOMPSON,APPLE LEAVES,41254,Apple,Mid Season,2.261,0.217,1.38,0.135,1.434,0.367,25,156,28,22.8,33.8,,,,0.16,,,,,,,,,,,,,,,,,,,,,,,,,,,
P,18320,THOMPSON ASHLEY,WASCO COUNTY EXTENSION,400 E SCENIC DR ,STE 2-278,THE DALLES,OR,97058,07/31/2020,08/02/2020,7521,ASHLEY THOMPSON,APPLE LEAVES,41255,Apple,Mid Season,2.450,0.202,1.30,0.137,1.612,0.408,21,150,33,23.5,31.2,,,,0.34,,,,,,,,,,,,,,,,,,,,,,,,,,,
P,18320,THOMPSON ASHLEY,WASCO COUNTY EXTENSION,400 E SCENIC DR ,STE 2-278,THE DALLES,OR,97058,07/31/2020,08/02/2020,7522,ASHLEY THOMPSON,APPLE LEAVES,41256,Apple,Mid Season,2.240,0.250,1.85,0.139,1.521,0.294,21,170,22,22.2,35.9,,,,0.05,,,,,,,,,,,,,,,,,,,,,,,,,,,
P,18320,THOMPSON ASHLEY,WASCO COUNTY EXTENSION,400 E SCENIC DR ,STE 2-278,THE DALLES,OR,97058,07/31/2020,08/02/2020,7523,ASHLEY THOMPSON,APPLE LEAVES,41257,Apple,Mid Season,2.617,0.320,1.93,0.139,1.469,0.258,20,148,23,27.2,33.8,,,,0.17,,,,,,,,,,,,,,,,,,,,,,,,,,,
P,18320,THOMPSON ASHLEY,WASCO COUNTY EXTENSION,400 E SCENIC DR ,STE 2-278,THE DALLES,OR,97058,07/31/2020,08/02/2020,7524,ASHLEY THOMPSON,APPLE LEAVES,41258,Apple,Mid Season,2.493,0.225,1.64,0.144,1.549,0.509,22,213,37,30.2,29.1,,,,0.26,,,,,,,,,,,,,,,,,,,,,,,,,,,
P,18320,THOMPSON ASHLEY,WASCO COUNTY EXTENSION,400 E SCENIC DR ,STE 2-278,THE DALLES,OR,97058,07/31/2020,08/02/2020,7525,ASHLEY THOMPSON,APPLE LEAVES,41259,Apple,Mid Season,2.292,0.260,1.86,0.127,1.634,0.446,17,141,43,21.6,27.5,,,,0.24,,,,,,,,,,,,,,,,,,,,,,,,,,,
P,18320,THOMPSON ASHLEY,WASCO COUNTY EXTENSION,400 E SCENIC DR ,STE 2-278,THE DALLES,OR,97058,07/31/2020,08/02/2020,7526,ASHLEY THOMPSON,APPLE LEAVES,41260,Apple,Mid Season,2.512,0.259,1.96,0.151,1.596,0.445,27,242,41,29.3,31.3,,,,0.39,,,,,,,,,,,,,,,,,,,,,,,,,,,
P,18320,THOMPSON ASHLEY,WASCO COUNTY EXTENSION,400 E SCENIC DR ,STE 2-278,THE DALLES,OR,97058,07/31/2020,08/02/2020,7527,ASHLEY THOMPSON,APPLE LEAVES,41261,Apple,Mid Season,2.496,0.284,1.95,0.139,1.375,0.395,23,194,33,22.2,31.9,,,,0.17,,,,,,,,,,,,,,,,,,,,,,,,,,,
P,18320,THOMPSON ASHLEY,WASCO COUNTY EXTENSION,400 E SCENIC DR ,STE 2-278,THE DALLES,OR,97058,07/31/2020,08/02/2020,7528,ASHLEY THOMPSON,APPLE LEAVES,41262,Apple,Mid Season,2.319,0.196,1.58,0.128,1.461,0.391,16,200,34,25.1,28.3,,,,0.46,,,,,,,,,,,,,,,,,,,,,,,,,,,
P,18320,THOMPSON ASHLEY,WASCO COUNTY EXTENSION,400 E SCENIC DR ,STE 2-278,THE DALLES,OR,97058,07/31/2020,08/02/2020,7529,ASHLEY THOMPSON,APPLE LEAVES,41263,Apple,Mid Season,2.357,0.357,2.04,0.142,1.651,0.263,25,249,42,22.5,34.4,,,,0.41,,,,,,,,,,,,,,,,,,,,,,,,,,,
P,18320,THOMPSON ASHLEY,WASCO COUNTY EXTENSION,400 E SCENIC DR ,STE 2-278,THE DALLES,OR,97058,07/31/2020,08/02/2020,7530,ASHLEY THOMPSON,APPLE LEAVES,41264,Apple,Mid Season,1.975,0.393,2.12,0.144,1.442,0.296,27,238,36,25.6,44.4,,,,0.32,,,,,,,,,,,,,,,,,,,,,,,,,,,
P,18320,THOMPSON ASHLEY,WASCO COUNTY EXTENSION,400 E SCENIC DR ,STE 2-278,THE DALLES,OR,97058,07/31/2020,08/02/2020,7531,ASHLEY THOMPSON,APPLE LEAVES,41265,Apple,Mid Season,2.595,0.266,1.54,0.152,1.807,0.379,24,231,53,28.8,30.5,,,,0.14,,,,,,,,,,,,,,,,,,,,,,,,,,,
P,18320,THOMPSON ASHLEY,WASCO COUNTY EXTENSION,400 E SCENIC DR ,STE 2-278,THE DALLES,OR,97058,07/31/2020,08/02/2020,7532,ASHLEY THOMPSON,APPLE LEAVES,41266,Apple,Mid Season,2.134,0.315,1.96,0.132,1.518,0.297,20,157,30,23.5,40.5,,,,0.30,,,,,,,,,,,,,,,,,,,,,,,,,,,
P,18320,THOMPSON ASHLEY,WASCO COUNTY EXTENSION,400 E SCENIC DR ,STE 2-278,THE DALLES,OR,97058,07/31/2020,08/02/2020,7533,ASHLEY THOMPSON,APPLE LEAVES,41267,Apple,Mid Season,2.380,0.278,1.72,0.130,1.584,0.290,22,166,29,25.2,36.6,,,,0.39,,,,,,,,,,,,,,,,,,,,,,,,,,,
P,18320,THOMPSON ASHLEY,WASCO COUNTY EXTENSION,400 E SCENIC DR ,STE 2-278,THE DALLES,OR,97058,07/31/2020,08/02/2020,7534,ASHLEY THOMPSON,APPLE LEAVES,41268,Apple,Mid Season,2.614,0.233,1.84,0.149,1.560,0.285,20,262,26,25.4,39.8,,,,0.29,,,,,,,,,,,,,,,,,,,,,,,,,,,
P,18320,THOMPSON ASHLEY,WASCO COUNTY EXTENSION,400 E SCENIC DR ,STE 2-278,THE DALLES,OR,97058,07/31/2020,08/02/2020,7535,ASHLEY THOMPSON,APPLE LEAVES,41269,Apple,Mid Season,2.281,0.263,1.75,0.133,1.733,0.350,20,176,23,24.3,32.7,,,,0.49,,,,,,,,,,,,,,,,,,,,,,,,,,,
P,18320,THOMPSON ASHLEY,WASCO COUNTY EXTENSION,400 E SCENIC DR ,STE 2-278,THE DALLES,OR,97058,07/31/2020,08/02/2020,7536,ASHLEY THOMPSON,APPLE LEAVES,41270,Apple,Mid Season,2.513,0.242,1.81,0.143,1.583,0.321,33,295,28,34.4,36.3,,,,0.48,,,,,,,,,,,,,,,,,,,,,,,,,,,
P,18320,THOMPSON ASHLEY,WASCO COUNTY EXTENSION,400 E SCENIC DR ,STE 2-278,THE DALLES,OR,97058,07/31/2020,08/02/2020,7537,ASHLEY THOMPSON,APPLE LEAVES,41271,Apple,Mid Season,2.575,0.252,1.61,0.151,1.695,0.435,32,200,34,33.3,28.4,,,,0.28,,,,,,,,,,,,,,,,,,,,,,,,,,,
P,18320,THOMPSON ASHLEY,WASCO COUNTY EXTENSION,400 E SCENIC DR ,STE 2-278,THE DALLES,OR,97058,07/31/2020,08/02/2020,7538,ASHLEY THOMPSON,APPLE LEAVES,41272,Apple,Mid Season,2.284,0.231,1.99,0.141,1.335,0.354,31,283,32,38.4,34.2,,,,0.37,,,,,,,,,,,,,,,,,,,,,,,,,,,
P,18320,THOMPSON ASHLEY,WASCO COUNTY EXTENSION,400 E SCENIC DR ,STE 2-278,THE DALLES,OR,97058,07/31/2020,08/02/2020,7539,ASHLEY THOMPSON,APPLE LEAVES,41273,Apple,Mid Season,2.332,0.312,2.19,0.128,1.393,0.307,22,263,32,25.0,29.5,,,,0.37,,,,,,,,,,,,,,,,,,,,,,,,,,,
P,18320,THOMPSON ASHLEY,WASCO COUNTY EXTENSION,400 E SCENIC DR ,STE 2-278,THE DALLES,OR,97058,07/31/2020,08/02/2020,7540,ASHLEY THOMPSON,APPLE LEAVES,41274,Apple,Mid Season,2.506,0.350,2.12,0.152,1.859,0.424,25,324,41,30.7,29.6,,,,0.45,,,,,,,,,,,,,,,,,,,,,,,,,,,
P,18320,THOMPSON ASHLEY,WASCO COUNTY EXTENSION,400 E SCENIC DR ,STE 2-278,THE DALLES,OR,97058,07/31/2020,08/02/2020,7541,ASHLEY THOMPSON,APPLE LEAVES,41275,Apple,Mid Season,2.297,0.343,1.94,0.149,1.512,0.396,23,251,33,34.9,32.3,,,,0.42,,,,,,,,,,,,,,,,,,,,,,,,,,,
P,18320,THOMPSON ASHLEY,WASCO COUNTY EXTENSION,400 E SCENIC DR ,STE 2-278,THE DALLES,OR,97058,07/31/2020,08/02/2020,7542,ASHLEY THOMPSON,APPLE LEAVES,41276,Apple,Mid Season,2.546,0.282,1.63,0.151,1.549,0.351,32,277,44,27.0,35.8,,,,0.37,,,,,,,,,,,,,,,,,,,,,,,,,,,
P,18320,THOMPSON ASHLEY,WASCO COUNTY EXTENSION,400 E SCENIC DR ,STE 2-278,THE DALLES,OR,97058,07/31/2020,08/02/2020,7543,ASHLEY THOMPSON,APPLE LEAVES,41277,Apple,Mid Season,2.723,0.218,1.25,0.168,1.686,0.453,27,319,55,36.2,30.9,,,,0.27,,,,,,,,,,,,,,,,,,,,,,,,,,,
P,18320,THOMPSON ASHLEY,WASCO COUNTY EXTENSION,400 E SCENIC DR ,STE 2-278,THE DALLES,OR,97058,07/31/2020,08/02/2020,7544,ASHLEY THOMPSON,APPLE LEAVES,41278,Apple,Mid Season,2.429,0.365,2.20,0.156,1.642,0.275,22,249,27,33.1,40.9,,,,0.31,,,,,,,,,,,,,,,,,,,,,,,,,,,
P,18320,THOMPSON ASHLEY,WASCO COUNTY EXTENSION,400 E SCENIC DR ,STE 2-278,THE DALLES,OR,97058,07/31/2020,08/02/2020,7545,ASHLEY THOMPSON,APPLE LEAVES,41279,Apple,Mid Season,2.256,0.394,2.01,0.139,1.430,0.312,26,243,28,29.6,43.2,,,,0.36,,,,,,,,,,,,,,,,,,,,,,,,,,,
P,18320,THOMPSON ASHLEY,WASCO COUNTY EXTENSION,400 E SCENIC DR ,STE 2-278,THE DALLES,OR,97058,07/31/2020,08/02/2020,7546,ASHLEY THOMPSON,APPLE LEAVES,41280,Apple,Mid Season,2.504,0.293,1.79,0.140,1.742,0.327,32,233,30,27.3,33.9,,,,0.31,,,,,,,,,,,,,,,,,,,,,,,,,,,
P,18320,THOMPSON ASHLEY,WASCO COUNTY EXTENSION,400 E SCENIC DR ,STE 2-278,THE DALLES,OR,97058,07/31/2020,08/02/2020,7547,ASHLEY THOMPSON,APPLE LEAVES,41281,Apple,Mid Season,2.414,0.363,1.90,0.143,1.801,0.367,19,182,31,29.1,35.5,,,,0.19,,,,,,,,,,,,,,,,,,,,,,,,,,,
P,18320,THOMPSON ASHLEY,WASCO COUNTY EXTENSION,400 E SCENIC DR ,STE 2-278,THE DALLES,OR,97058,07/31/2020,08/02/2020,7548,ASHLEY THOMPSON,APPLE LEAVES,41282,Apple,Mid Season,2.471,0.226,1.71,0.139,1.579,0.312,21,207,22,32.9,32.2,,,,0.59,,,,,,,,,,,,,,,,,,,,,,,,,,,
P,18320,THOMPSON ASHLEY,WASCO COUNTY EXTENSION,400 E SCENIC DR ,STE 2-278,THE DALLES,OR,97058,07/31/2020,08/02/2020,7549,ASHLEY THOMPSON,APPLE LEAVES,41283,Apple,Mid Season,2.537,0.218,1.56,0.153,1.413,0.394,20,234,31,40.5,31.9,,,,0.19,,,,,,,,,,,,,,,,,,,,,,,,,,,
P,18320,THOMPSON ASHLEY,WASCO COUNTY EXTENSION,400 E SCENIC DR ,STE 2-278,THE DALLES,OR,97058,07/31/2020,08/02/2020,7550,ASHLEY THOMPSON,APPLE LEAVES,41284,Apple,Mid Season,2.586,0.280,1.73,0.140,1.489,0.371,18,195,32,32.1,28.0,,,,0.24,,,,,,,,,,,,,,,,,,,,,,,,,,,
P,18320,THOMPSON ASHLEY,WASCO COUNTY EXTENSION,400 E SCENIC DR ,STE 2-278,THE DALLES,OR,97058,07/31/2020,08/02/2020,7551,ASHLEY THOMPSON,APPLE LEAVES,41285,Apple,Mid Season,2.488,0.209,1.66,0.140,1.669,0.482,20,183,47,26.2,26.4,,,,0.18,,,,,,,,,,,,,,,,,,,,,,,,,,,
P,18320,THOMPSON ASHLEY,WASCO COUNTY EXTENSION,400 E SCENIC DR ,STE 2-278,THE DALLES,OR,97058,07/31/2020,08/02/2020,7552,ASHLEY THOMPSON,APPLE LEAVES,41286,Apple,Mid Season,2.484,0.227,1.95,0.143,1.726,0.445,25,245,37,30.4,29.1,,,,0.25,,,,,,,,,,,,,,,,,,,,,,,,,,,
P,18320,THOMPSON ASHLEY,WASCO COUNTY EXTENSION,400 E SCENIC DR ,STE 2-278,THE DALLES,OR,97058,07/31/2020,08/02/2020,7553,ASHLEY THOMPSON,APPLE LEAVES,41287,Apple,Mid Season,2.376,0.337,2.33,0.144,1.738,0.409,23,289,35,34.2,32.0,,,,0.20,,,,,,,,,,,,,,,,,,,,,,,,,,,
P,18320,THOMPSON ASHLEY,WASCO COUNTY EXTENSION,400 E SCENIC DR ,STE 2-278,THE DALLES,OR,97058,07/31/2020,08/02/2020,7554,ASHLEY THOMPSON,APPLE LEAVES,41288,Apple,Mid Season,2.193,0.323,1.71,0.132,1.625,0.378,18,201,28,27.1,28.2,,,,0.63,,,,,,,,,,,,,,,,,,,,,,,,,,,
P,18320,THOMPSON ASHLEY,WASCO COUNTY EXTENSION,400 E SCENIC DR ,STE 2-278,THE DALLES,OR,97058,07/31/2020,08/02/2020,7555,ASHLEY THOMPSON,APPLE LEAVES,41502,Apple,Mid Season,2.336,0.170,1.08,0.128,1.467,0.396,20,253,41,20.8,29.0,,,,0.05,,,,,,,,,,,,,,,,,,,,,,,,,,,
P,18320,THOMPSON ASHLEY,WASCO COUNTY EXTENSION,400 E SCENIC DR ,STE 2-278,THE DALLES,OR,97058,07/31/2020,08/02/2020,7556,ASHLEY THOMPSON,APPLE LEAVES,41503,Apple,Mid Season,2.175,0.299,1.89,0.131,1.444,0.359,27,276,34,24.4,38.4,,,,0.22,,,,,,,,,,,,,,,,,,,,,,,,,,,
P,18320,THOMPSON ASHLEY,WASCO COUNTY EXTENSION,400 E SCENIC DR ,STE 2-278,THE DALLES,OR,97058,07/31/2020,08/02/2020,7557,ASHLEY THOMPSON,APPLE LEAVES,41504,Apple,Mid Season,2.449,0.252,1.75,0.138,1.498,0.290,22,228,31,25.4,34.6,,,,0.23,,,,,,,,,,,,,,,,,,,,,,,,,,,
P,18320,THOMPSON ASHLEY,WASCO COUNTY EXTENSION,400 E SCENIC DR ,STE 2-278,THE DALLES,OR,97058,07/31/2020,08/02/2020,7558,ASHLEY THOMPSON,APPLE LEAVES,41505,Apple,Mid Season,2.494,0.297,1.91,0.152,1.554,0.335,22,214,31,32.9,39.0,,,,0.17,,,,,,,,,,,,,,,,,,,,,,,,,,,
P,18320,THOMPSON ASHLEY,WASCO COUNTY EXTENSION,400 E SCENIC DR ,STE 2-278,THE DALLES,OR,97058,07/31/2020,08/02/2020,7559,ASHLEY THOMPSON,APPLE LEAVES,41506,Apple,Mid Season,2.702,0.222,1.74,0.155,1.561,0.297,22,238,33,31.8,38.2,,,,0.06,,,,,,,,,,,,,,,,,,,,,,,,,,,
P,18320,THOMPSON ASHLEY,WASCO COUNTY EXTENSION,400 E SCENIC DR ,STE 2-278,THE DALLES,OR,97058,07/31/2020,08/02/2020,7560,ASHLEY THOMPSON,APPLE LEAVES,41507,Apple,Mid Season,2.499,0.321,2.01,0.144,1.497,0.262,18,201,22,22.3,38.6,,,,0.06,,,,,,,,,,,,,,,,,,,,,,,,,,,
P,18320,THOMPSON ASHLEY,WASCO COUNTY EXTENSION,400 E SCENIC DR ,STE 2-278,THE DALLES,OR,97058,07/31/2020,08/02/2020,7561,ASHLEY THOMPSON,APPLE LEAVES,41508,Apple,Mid Season,2.538,0.173,1.43,0.147,1.655,0.414,23,259,30,33.7,29.5,,,,0.32,,,,,,,,,,,,,,,,,,,,,,,,,,,
P,18320,THOMPSON ASHLEY,WASCO COUNTY EXTENSION,400 E SCENIC DR ,STE 2-278,THE DALLES,OR,97058,07/31/2020,08/02/2020,7562,ASHLEY THOMPSON,APPLE LEAVES,41509,Apple,Mid Season,2.608,0.190,1.48,0.152,1.559,0.480,24,306,40,34.8,33.8,,,,0.09,,,,,,,,,,,,,,,,,,,,,,,,,,,
P,18320,THOMPSON ASHLEY,WASCO COUNTY EXTENSION,400 E SCENIC DR ,STE 2-278,THE DALLES,OR,97058,07/31/2020,08/02/2020,7563,ASHLEY THOMPSON,APPLE LEAVES,41510,Apple,Mid Season,2.546,0.317,1.89,0.151,1.729,0.437,23,265,40,34.7,33.1,,,,0.23,,,,,,,,,,,,,,,,,,,,,,,,,,,
P,18320,THOMPSON ASHLEY,WASCO COUNTY EXTENSION,400 E SCENIC DR ,STE 2-278,THE DALLES,OR,97058,07/31/2020,08/02/2020,7564,ASHLEY THOMPSON,APPLE LEAVES,41511,Apple,Mid Season,2.517,0.245,1.69,0.144,1.554,0.393,19,284,44,34.1,28.5,,,,0.30,,,,,,,,,,,,,,,,,,,,,,,,,,,
P,18320,THOMPSON ASHLEY,WASCO COUNTY EXTENSION,400 E SCENIC DR ,STE 2-278,THE DALLES,OR,97058,07/31/2020,08/02/2020,7565,ASHLEY THOMPSON,APPLE LEAVES,41512,Apple,Mid Season,2.288,0.265,1.71,0.149,1.540,0.396,20,281,34,33.8,29.8,,,,0.35,,,,,,,,,,,,,,,,,,,,,,,,,,,
P,18320,THOMPSON ASHLEY,WASCO COUNTY EXTENSION,400 E SCENIC DR ,STE 2-278,THE DALLES,OR,97058,07/31/2020,08/02/2020,7566,ASHLEY THOMPSON,APPLE LEAVES,41513,Apple,Mid Season,2.212,0.330,1.97,0.150,1.586,0.365,27,276,30,23.3,33.3,,,,0.15,,,,,,,,,,,,,,,,,,,,,,,,,,,
P,18320,THOMPSON ASHLEY,WASCO COUNTY EXTENSION,400 E SCENIC DR ,STE 2-278,THE DALLES,OR,97058,07/31/2020,08/02/2020,7567,ASHLEY THOMPSON,APPLE LEAVES,41514,Apple,Mid Season,2.680,0.392,1.78,0.156,1.827,0.325,40,364,37,25.7,35.3,,,,0.06,,,,,,,,,,,,,,,,,,,,,,,,,,,
P,18320,THOMPSON ASHLEY,WASCO COUNTY EXTENSION,400 E SCENIC DR ,STE 2-278,THE DALLES,OR,97058,07/31/2020,08/02/2020,7568,ASHLEY THOMPSON,APPLE LEAVES,41515,Apple,Mid Season,2.101,0.339,1.86,0.133,1.306,0.255,24,206,22,29.0,38.7,,,,0.49,,,,,,,,,,,,,,,,,,,,,,,,,,,
P,18320,THOMPSON ASHLEY,WASCO COUNTY EXTENSION,400 E SCENIC DR ,STE 2-278,THE DALLES,OR,97058,07/31/2020,08/02/2020,7569,ASHLEY THOMPSON,APPLE LEAVES,41516,Apple,Mid Season,2.653,0.214,1.61,0.152,1.642,0.296,23,235,30,29.8,36.3,,,,0.36,,,,,,,,,,,,,,,,,,,,,,,,,,,
P,18320,THOMPSON ASHLEY,WASCO COUNTY EXTENSION,400 E SCENIC DR ,STE 2-278,THE DALLES,OR,97058,07/31/2020,08/02/2020,7570,ASHLEY THOMPSON,APPLE LEAVES,41517,Apple,Mid Season,2.178,0.343,1.85,0.136,1.404,0.276,37,253,27,43.8,35.1,,,,0.04,,,,,,,,,,,,,,,,,,,,,,,,,,,
P,18320,THOMPSON ASHLEY,WASCO COUNTY EXTENSION,400 E SCENIC DR ,STE 2-278,THE DALLES,OR,97058,07/31/2020,08/02/2020,7571,ASHLEY THOMPSON,APPLE LEAVES,41518,Apple,Mid Season,2.646,0.191,1.31,0.155,1.578,0.352,66,244,28,35.5,28.6,,,,0.23,,,,,,,,,,,,,,,,,,,,,,,,,,,
P,18320,THOMPSON ASHLEY,WASCO COUNTY EXTENSION,400 E SCENIC DR ,STE 2-278,THE DALLES,OR,97058,07/31/2020,08/02/2020,7572,ASHLEY THOMPSON,APPLE LEAVES,41519,Apple,Mid Season,2.460,0.288,1.63,0.157,1.677,0.509,51,396,42,31.1,31.3,,,,0.16,,,,,,,,,,,,,,,,,,,,,,,,,,,
P,18320,THOMPSON ASHLEY,WASCO COUNTY EXTENSION,400 E SCENIC DR ,STE 2-278,THE DALLES,OR,97058,07/31/2020,08/02/2020,7573,ASHLEY THOMPSON,APPLE LEAVES,41520,Apple,Mid Season,2.523,0.257,1.81,0.144,1.629,0.358,22,216,32,30.4,31.3,,,,0.08,,,,,,,,,,,,,,,,,,,,,,,,,,,
P,18320,THOMPSON ASHLEY,WASCO COUNTY EXTENSION,400 E SCENIC DR ,STE 2-278,THE DALLES,OR,97058,07/31/2020,08/02/2020,7574,ASHLEY THOMPSON,APPLE LEAVES,41521,Apple,Mid Season,2.409,0.191,1.39,0.134,1.453,0.417,27,214,35,24.4,23.8,,,,0.03,,,,,,,,,,,,,,,,,,,,,,,,,,,
P,18320,THOMPSON ASHLEY,WASCO COUNTY EXTENSION,400 E SCENIC DR ,STE 2-278,THE DALLES,OR,97058,07/31/2020,08/02/2020,7575,ASHLEY THOMPSON,APPLE LEAVES,41522,Apple,Mid Season,2.157,0.245,1.84,0.143,1.533,0.404,25,240,40,31.1,28.7,,,,0.24,,,,,,,,,,,,,,,,,,,,,,,,,,,
P,18320,THOMPSON ASHLEY,WASCO COUNTY EXTENSION,400 E SCENIC DR ,STE 2-278,THE DALLES,OR,97058,07/31/2020,08/02/2020,7576,ASHLEY THOMPSON,APPLE LEAVES,41523,Apple,Mid Season,2.022,0.349,2.04,0.125,1.421,0.293,18,195,24,25.6,30.8,,,,0.41,,,,,,,,,,,,,,,,,,,,,,,,,,,
P,18320,THOMPSON ASHLEY,WASCO COUNTY EXTENSION,400 E SCENIC DR ,STE 2-278,THE DALLES,OR,97058,07/31/2020,08/02/2020,7577,ASHLEY THOMPSON,APPLE LEAVES,41524,Apple,Mid Season,1.998,0.192,1.40,0.129,1.355,0.339,24,258,34,21.4,31.8,,,,0.02,,,,,,,,,,,,,,,,,,,,,,,,,,,
P,18320,THOMPSON ASHLEY,WASCO COUNTY EXTENSION,400 E SCENIC DR ,STE 2-278,THE DALLES,OR,97058,07/31/2020,08/02/2020,7578,ASHLEY THOMPSON,APPLE LEAVES,41525,Apple,Mid Season,2.264,0.351,1.77,0.140,1.382,0.255,28,228,30,27.6,38.1,,,,0.17,,,,,,,,,,,,,,,,,,,,,,,,,,,
P,18320,THOMPSON ASHLEY,WASCO COUNTY EXTENSION,400 E SCENIC DR ,STE 2-278,THE DALLES,OR,97058,07/31/2020,08/02/2020,7579,ASHLEY THOMPSON,APPLE LEAVES,41526,Apple,Mid Season,2.565,0.179,1.50,0.128,1.361,0.278,21,227,31,25.4,30.3,,,,0.12,,,,,,,,,,,,,,,,,,,,,,,,,,,
P,18320,THOMPSON ASHLEY,WASCO COUNTY EXTENSION,400 E SCENIC DR ,STE 2-278,THE DALLES,OR,97058,07/31/2020,08/02/2020,7580,ASHLEY THOMPSON,APPLE LEAVES,41527,Apple,Mid Season,2.386,0.192,1.55,0.140,1.390,0.352,27,235,32,36.0,29.3,,,,0.33,,,,,,,,,,,,,,,,,,,,,,,,,,,
P,18320,THOMPSON ASHLEY,WASCO COUNTY EXTENSION,400 E SCENIC DR ,STE 2-278,THE DALLES,OR,97058,07/31/2020,08/02/2020,7581,ASHLEY THOMPSON,APPLE LEAVES,41528,Apple,Mid Season,2.180,0.310,1.96,0.127,1.277,0.295,21,174,27,22.3,37.8,,,,0.35,,,,,,,,,,,,,,,,,,,,,,,,,,,
P,18320,THOMPSON ASHLEY,WASCO COUNTY EXTENSION,400 E SCENIC DR ,STE 2-278,THE DALLES,OR,97058,07/31/2020,08/02/2020,7582,ASHLEY THOMPSON,APPLE LEAVES,41529,Apple,Mid Season,2.246,0.235,1.54,0.147,1.469,0.345,21,224,33,29.7,29.4,,,,0.52,,,,,,,,,,,,,,,,,,,,,,,,,,,
P,18320,THOMPSON ASHLEY,WASCO COUNTY EXTENSION,400 E SCENIC DR ,STE 2-278,THE DALLES,OR,97058,07/31/2020,08/02/2020,7583,ASHLEY THOMPSON,APPLE LEAVES,41530,Apple,Mid Season,2.059,0.307,1.93,0.136,1.717,0.356,22,246,30,26.9,28.5,,,,0.11,,,,,,,,,,,,,,,,,,,,,,,,,,,
P,18320,THOMPSON ASHLEY,WASCO COUNTY EXTENSION,400 E SCENIC DR ,STE 2-278,THE DALLES,OR,97058,07/31/2020,08/02/2020,7584,ASHLEY THOMPSON,APPLE LEAVES,41531,Apple,Mid Season,2.216,0.339,2.04,0.132,1.698,0.404,24,208,37,24.9,31.1,,,,0.33,,,,,,,,,,,,,,,,,,,,,,,,,,,
P,18320,THOMPSON ASHLEY,WASCO COUNTY EXTENSION,400 E SCENIC DR ,STE 2-278,THE DALLES,OR,97058,07/31/2020,08/02/2020,7585,ASHLEY THOMPSON,APPLE LEAVES,41532,Apple,Mid Season,2.185,0.360,2.21,0.125,1.454,0.315,25,208,22,23.8,32.5,,,,0.16,,,,,,,,,,,,,,,,,,,,,,,,,,,
P,18320,THOMPSON ASHLEY,WASCO COUNTY EXTENSION,400 E SCENIC DR ,STE 2-278,THE DALLES,OR,97058,07/31/2020,08/02/2020,7586,ASHLEY THOMPSON,APPLE LEAVES,41533,Apple,Mid Season,2.348,0.160,1.03,0.127,1.511,0.222,22,258,28,23.2,26.7,,,,0.14,,,,,,,,,,,,,,,,,,,,,,,,,,,
P,18320,THOMPSON ASHLEY,WASCO COUNTY EXTENSION,400 E SCENIC DR ,STE 2-278,THE DALLES,OR,97058,07/31/2020,08/02/2020,7587,ASHLEY THOMPSON,APPLE LEAVES,41534,Apple,Mid Season,1.860,0.411,1.88,0.115,1.185,0.269,15,210,24,24.8,35.2,,,,0.34,,,,,,,,,,,,,,,,,,,,,,,,,,,
P,18320,THOMPSON ASHLEY,WASCO COUNTY EXTENSION,400 E SCENIC DR ,STE 2-278,THE DALLES,OR,97058,07/31/2020,08/02/2020,7588,ASHLEY THOMPSON,APPLE LEAVES,41535,Apple,Mid Season,2.305,0.250,1.82,0.141,1.324,0.307,21,234,28,30.4,36.2,,,,0.39,,,,,,,,,,,,,,,,,,,,,,,,,,,
P,18320,THOMPSON ASHLEY,WASCO COUNTY EXTENSION,400 E SCENIC DR ,STE 2-278,THE DALLES,OR,97058,07/31/2020,08/02/2020,7589,ASHLEY THOMPSON,APPLE LEAVES,41536,Apple,Mid Season,2.397,0.318,1.67,0.141,1.383,0.294,22,212,30,25.0,28.5,,,,0.27,,,,,,,,,,,,,,,,,,,,,,,,,,,
P,18320,THOMPSON ASHLEY,WASCO COUNTY EXTENSION,400 E SCENIC DR ,STE 2-278,THE DALLES,OR,97058,07/31/2020,08/02/2020,7590,ASHLEY THOMPSON,APPLE LEAVES,41537,Apple,Mid Season,2.323,0.376,1.83,0.144,1.490,0.390,34,227,30,29.4,32.3,,,,0.41,,,,,,,,,,,,,,,,,,,,,,,,,,,
P,18320,THOMPSON ASHLEY,WASCO COUNTY EXTENSION,400 E SCENIC DR ,STE 2-278,THE DALLES,OR,97058,07/31/2020,08/02/2020,7591,ASHLEY THOMPSON,APPLE LEAVES,41538,Apple,Mid Season,2.476,0.242,1.64,0.142,1.331,0.330,24,201,40,24.2,29.1,,,,0.07,,,,,,,,,,,,,,,,,,,,,,,,,,,
P,18320,THOMPSON ASHLEY,WASCO COUNTY EXTENSION,400 E SCENIC DR ,STE 2-278,THE DALLES,OR,97058,07/31/2020,08/02/2020,7592,ASHLEY THOMPSON,APPLE LEAVES,41539,Apple,Mid Season,2.172,0.248,1.98,0.136,1.147,0.330,44,204,33,23.3,30.8,,,,0.39,,,,,,,,,,,,,,,,,,,,,,,,,,,
P,18320,THOMPSON ASHLEY,WASCO COUNTY EXTENSION,400 E SCENIC DR ,STE 2-278,THE DALLES,OR,97058,07/31/2020,08/02/2020,7593,ASHLEY THOMPSON,APPLE LEAVES,41540,Apple,Mid Season,2.418,0.346,2.25,0.130,1.687,0.303,43,201,18,26.0,29.6,,,,0.28,,,,,,,,,,,,,,,,,,,,,,,,,,,
P,18320,THOMPSON ASHLEY,WASCO COUNTY EXTENSION,400 E SCENIC DR ,STE 2-278,THE DALLES,OR,97058,07/31/2020,08/02/2020,7594,ASHLEY THOMPSON,APPLE LEAVES,41541,Apple,Mid Season,2.544,0.352,2.51,0.140,1.855,0.303,69,219,18,23.1,36.7,,,,0.27,,,,,,,,,,,,,,,,,,,,,,,,,,,
P,18320,THOMPSON ASHLEY,WASCO COUNTY EXTENSION,400 E SCENIC DR ,STE 2-278,THE DALLES,OR,97058,07/31/2020,08/02/2020,7595,ASHLEY THOMPSON,APPLE LEAVES,41542,Apple,Mid Season,2.401,0.198,1.61,0.137,1.418,0.306,22,322,33,27.5,33.7,,,,0.19,,,,,,,,,,,,,,,,,,,,,,,,,,,
P,18320,THOMPSON ASHLEY,WASCO COUNTY EXTENSION,400 E SCENIC DR ,STE 2-278,THE DALLES,OR,97058,07/31/2020,08/02/2020,7596,ASHLEY THOMPSON,APPLE LEAVES,41543,Apple,Mid Season,2.312,0.210,1.83,0.137,1.343,0.311,18,211,27,21.4,36.5,,,,0.35,,,,,,,,,,,,,,,,,,,,,,,,,,,
P,18320,THOMPSON ASHLEY,WASCO COUNTY EXTENSION,400 E SCENIC DR ,STE 2-278,THE DALLES,OR,97058,07/31/2020,08/02/2020,7597,ASHLEY THOMPSON,APPLE LEAVES,41544,Apple,Mid Season,2.191,0.293,1.63,0.138,1.444,0.326,16,253,32,32.1,31.5,,,,0.16,,,,,,,,,,,,,,,,,,,,,,,,,,,
P,18320,THOMPSON ASHLEY,WASCO COUNTY EXTENSION,400 E SCENIC DR ,STE 2-278,THE DALLES,OR,97058,07/31/2020,08/02/2020,7598,ASHLEY THOMPSON,APPLE LEAVES,41545,Apple,Mid Season,2.275,0.377,1.59,0.139,1.441,0.320,17,161,27,28.1,29.6,,,,0.13,,,,,,,,,,,,,,,,,,,,,,,,,,,
P,18320,THOMPSON ASHLEY,WASCO COUNTY EXTENSION,400 E SCENIC DR ,STE 2-278,THE DALLES,OR,97058,07/31/2020,08/02/2020,7599,ASHLEY THOMPSON,APPLE LEAVES,41546,Apple,Mid Season,2.767,0.262,1.63,0.151,1.582,0.419,23,278,30,29.0,31.0,,,,0.30,,,,,,,,,,,,,,,,,,,,,,,,,,,
P,18320,THOMPSON ASHLEY,WASCO COUNTY EXTENSION,400 E SCENIC DR ,STE 2-278,THE DALLES,OR,97058,07/31/2020,08/02/2020,7600,ASHLEY THOMPSON,APPLE LEAVES,41547,Apple,Mid Season,2.536,0.168,1.42,0.133,1.445,0.478,18,241,34,25.8,23.8,,,,0.17,,,,,,,,,,,,,,,,,,,,,,,,,,,
P,18320,THOMPSON ASHLEY,WASCO COUNTY EXTENSION,400 E SCENIC DR ,STE 2-278,THE DALLES,OR,97058,07/31/2020,08/02/2020,7601,ASHLEY THOMPSON,APPLE LEAVES,41548,Apple,Mid Season,2.399,0.275,1.77,0.143,1.330,0.334,37,368,33,38.7,32.9,,,,0.02,,,,,,,,,,,,,,,,,,,,,,,,,,,
P,18320,THOMPSON ASHLEY,WASCO COUNTY EXTENSION,400 E SCENIC DR ,STE 2-278,THE DALLES,OR,97058,07/31/2020,08/02/2020,7602,ASHLEY THOMPSON,APPLE LEAVES,41549,Apple,Mid Season,2.272,0.303,2.11,0.132,1.358,0.298,22,392,24,28.4,30.1,,,,0.28,,,,,,,,,,,,,,,,,,,,,,,,,,,
P,18320,THOMPSON ASHLEY,WASCO COUNTY EXTENSION,400 E SCENIC DR ,STE 2-278,THE DALLES,OR,97058,07/31/2020,08/02/2020,7603,ASHLEY THOMPSON,APPLE LEAVES,41550,Apple,Mid Season,2.306,0.347,2.28,0.130,1.162,0.270,19,164,16,18.2,36.9,,,,0.35,,,,,,,,,,,,,,,,,,,,,,,,,,,
P,18320,THOMPSON ASHLEY,WASCO COUNTY EXTENSION,400 E SCENIC DR ,STE 2-278,THE DALLES,OR,97058,07/31/2020,08/02/2020,7604,ASHLEY THOMPSON,APPLE LEAVES,41551,Apple,Mid Season,2.615,0.187,1.59,0.150,1.503,0.347,19,316,28,31.2,33.9,,,,0.18,,,,,,,,,,,,,,,,,,,,,,,,,,,
P,18320,THOMPSON ASHLEY,WASCO COUNTY EXTENSION,400 E SCENIC DR ,STE 2-278,THE DALLES,OR,97058,07/31/2020,08/02/2020,7605,ASHLEY THOMPSON,APPLE LEAVES,41552,Apple,Mid Season,1.976,0.292,1.67,0.124,1.151,0.282,14,219,23,37.4,35.5,,,,0.36,,,,,,,,,,,,,,,,,,,,,,,,,,,
P,18320,THOMPSON ASHLEY,WASCO COUNTY EXTENSION,400 E SCENIC DR ,STE 2-278,THE DALLES,OR,97058,07/31/2020,08/02/2020,7606,ASHLEY THOMPSON,APPLE LEAVES,41553,Apple,Mid Season,2.414,0.356,1.83,0.155,1.660,0.415,18,337,29,33.1,34.3,,,,0.48,,,,,,,,,,,,,,,,,,,,,,,,,,,
P,18320,THOMPSON ASHLEY,WASCO COUNTY EXTENSION,400 E SCENIC DR ,STE 2-278,THE DALLES,OR,97058,07/31/2020,08/02/2020,7607,ASHLEY THOMPSON,APPLE LEAVES,41554,Apple,Mid Season,2.242,0.166,1.40,0.133,1.241,0.256,18,308,25,45.4,31.9,,,,0.41,,,,,,,,,,,,,,,,,,,,,,,,,,,
P,18320,THOMPSON ASHLEY,WASCO COUNTY EXTENSION,400 E SCENIC DR ,STE 2-278,THE DALLES,OR,97058,07/31/2020,08/02/2020,7608,ASHLEY THOMPSON,APPLE LEAVES,41555,Apple,Mid Season,2.277,0.352,1.77,0.127,1.315,0.343,12,137,32,25.7,30.5,,,,0.32,,,,,,,,,,,,,,,,,,,,,,,,,,,
P,18320,THOMPSON ASHLEY,WASCO COUNTY EXTENSION,400 E SCENIC DR ,STE 2-278,THE DALLES,OR,97058,07/31/2020,08/02/2020,7609,ASHLEY THOMPSON,APPLE LEAVES,41556,Apple,Mid Season,2.210,0.324,1.75,0.130,1.339,0.317,14,184,25,31.7,28.7,,,,0.22,,,,,,,,,,,,,,,,,,,,,,,,,,,
P,18320,THOMPSON ASHLEY,WASCO COUNTY EXTENSION,400 E SCENIC DR ,STE 2-278,THE DALLES,OR,97058,07/31/2020,08/02/2020,7610,ASHLEY THOMPSON,APPLE LEAVES,41557,Apple,Mid Season,1.929,0.432,2.45,0.127,1.169,0.240,11,176,16,28.7,32.6,,,,0.40,,,,,,,,,,,,,,,,,,,,,,,,,,,
P,18320,THOMPSON ASHLEY,WASCO COUNTY EXTENSION,400 E SCENIC DR ,STE 2-278,THE DALLES,OR,97058,07/31/2020,08/02/2020,7611,ASHLEY THOMPSON,APPLE LEAVES,41558,Apple,Mid Season,2.235,0.276,2.00,0.124,1.281,0.283,14,174,20,21.3,32.1,,,,0.19,,,,,,,,,,,,,,,,,,,,,,,,,,,
P,18320,THOMPSON ASHLEY,WASCO COUNTY EXTENSION,400 E SCENIC DR ,STE 2-278,THE DALLES,OR,97058,07/31/2020,08/02/2020,7612,ASHLEY THOMPSON,APPLE LEAVES,41559,Apple,Mid Season,2.203,0.244,1.76,0.126,1.118,0.308,17,212,27,21.1,39.4,,,,0.16,,,,,,,,,,,,,,,,,,,,,,,,,,,
P,18320,THOMPSON ASHLEY,WASCO COUNTY EXTENSION,400 E SCENIC DR ,STE 2-278,THE DALLES,OR,97058,07/31/2020,08/02/2020,7613,ASHLEY THOMPSON,APPLE LEAVES,41560,Apple,Mid Season,2.527,0.312,1.83,0.145,1.377,0.287,13,216,31,25.1,35.6,,,,0.24,,,,,,,,,,,,,,,,,,,,,,,,,,,
P,18320,THOMPSON ASHLEY,WASCO COUNTY EXTENSION,400 E SCENIC DR ,STE 2-278,THE DALLES,OR,97058,07/31/2020,08/02/2020,7614,ASHLEY THOMPSON,APPLE LEAVES,41562,Apple,Mid Season,2.098,0.277,1.74,0.131,1.547,0.319,18,391,32,30.5,33.1,,,,0.72,,,,,,,,,,,,,,,,,,,,,,,,,,,
P,18320,THOMPSON ASHLEY,WASCO COUNTY EXTENSION,400 E SCENIC DR ,STE 2-278,THE DALLES,OR,97058,07/31/2020,08/02/2020,7615,ASHLEY THOMPSON,APPLE LEAVES,41563,Apple,Mid Season,2.324,0.338,1.75,0.140,1.506,0.343,18,395,29,28.2,30.2,,,,0.62,,,,,,,,,,,,,,,,,,,,,,,,,,,
P,18320,THOMPSON ASHLEY,WASCO COUNTY EXTENSION,400 E SCENIC DR ,STE 2-278,THE DALLES,OR,97058,07/31/2020,08/02/2020,7616,ASHLEY THOMPSON,APPLE LEAVES,41564,Apple,Mid Season,1.910,0.389,2.42,0.112,1.163,0.243,15,157,17,30.0,30.8,,,,0.45,,,,,,,,,,,,,,,,,,,,,,,,,,,
P,18320,THOMPSON ASHLEY,WASCO COUNTY EXTENSION,400 E SCENIC DR ,STE 2-278,THE DALLES,OR,97058,07/31/2020,08/02/2020,7617,ASHLEY THOMPSON,APPLE LEAVES,41565,Apple,Mid Season,1.919,0.318,2.11,0.115,1.338,0.343,13,233,23,22.5,33.7,,,,0.35,,,,,,,,,,,,,,,,,,,,,,,,,,,
P,18320,THOMPSON ASHLEY,WASCO COUNTY EXTENSION,400 E SCENIC DR ,STE 2-278,THE DALLES,OR,97058,07/31/2020,08/02/2020,7618,ASHLEY THOMPSON,APPLE LEAVES,41566,Apple,Mid Season,2.482,0.186,1.40,0.139,1.308,0.324,16,359,32,28.5,36.9,,,,0.27,,,,,,,,,,,,,,,,,,,,,,,,,,,
P,18320,THOMPSON ASHLEY,WASCO COUNTY EXTENSION,400 E SCENIC DR ,STE 2-278,THE DALLES,OR,97058,07/31/2020,08/02/2020,7619,ASHLEY THOMPSON,APPLE LEAVES,41567,Apple,Mid Season,2.557,0.312,2.12,0.153,1.567,0.312,20,274,32,26.5,42.3,,,,0.01,,,,,,,,,,,,,,,,,,,,,,,,,,,
P,18320,THOMPSON ASHLEY,WASCO COUNTY EXTENSION,400 E SCENIC DR ,STE 2-278,THE DALLES,OR,97058,07/31/2020,08/02/2020,7620,ASHLEY THOMPSON,APPLE LEAVES,41568,Apple,Mid Season,2.423,0.314,1.89,0.137,1.523,0.422,21,272,27,27.0,39.4,,,,0.11,,,,,,,,,,,,,,,,,,,,,,,,,,,
P,18320,THOMPSON ASHLEY,WASCO COUNTY EXTENSION,400 E SCENIC DR ,STE 2-278,THE DALLES,OR,97058,07/31/2020,08/02/2020,7621,ASHLEY THOMPSON,APPLE LEAVES,41569,Apple,Mid Season,2.441,0.247,1.89,0.137,1.500,0.480,17,217,27,21.7,39.3,,,,0.18,,,,,,,,,,,,,,,,,,,,,,,,,,,
P,18320,THOMPSON ASHLEY,WASCO COUNTY EXTENSION,400 E SCENIC DR ,STE 2-278,THE DALLES,OR,97058,07/31/2020,08/02/2020,7622,ASHLEY THOMPSON,APPLE LEAVES,41570,Apple,Mid Season,2.345,0.273,2.10,0.137,1.507,0.425,23,234,24,25.9,37.0,,,,0.46,,,,,,,,,,,,,,,,,,,,,,,,,,,
P,18320,THOMPSON ASHLEY,WASCO COUNTY EXTENSION,400 E SCENIC DR ,STE 2-278,THE DALLES,OR,97058,07/31/2020,08/02/2020,7623,ASHLEY THOMPSON,APPLE LEAVES,41571,Apple,Mid Season,2.054,0.315,2.43,0.116,1.192,0.242,17,182,14,28.4,34.7,,,,0.22,,,,,,,,,,,,,,,,,,,,,,,,,,,
P,18320,THOMPSON ASHLEY,WASCO COUNTY EXTENSION,400 E SCENIC DR ,STE 2-278,THE DALLES,OR,97058,07/31/2020,08/02/2020,7624,ASHLEY THOMPSON,APPLE LEAVES,41572,Apple,Mid Season,2.225,0.251,2.10,0.141,1.293,0.328,19,320,26,23.4,36.7,,,,0.82,,,,,,,,,,,,,,,,,,,,,,,,,,,
P,18320,THOMPSON ASHLEY,WASCO COUNTY EXTENSION,400 E SCENIC DR ,STE 2-278,THE DALLES,OR,97058,07/31/2020,08/02/2020,7625,ASHLEY THOMPSON,APPLE LEAVES,40000,Apple,Mid Season,3.105,0.220,3.21,0.157,1.572,0.829,13,481,82,12.7,136.3,,,,0.31,,,,,,,,,,,,,,,,,,,,,,,,,,,
P,18320,THOMPSON ASHLEY,WASCO COUNTY EXTENSION,400 E SCENIC DR ,STE 2-278,THE DALLES,OR,97058,07/31/2020,08/02/2020,7626,ASHLEY THOMPSON,APPLE LEAVES,41201,Apple,Mid Season,2.509,0.199,1.26,0.159,1.743,0.553,22,332,57,27.2,41.2,,,,0.05,,,,,,,,,,,,,,,,,,,,,,,,,,,
P,18320,THOMPSON ASHLEY,WASCO COUNTY EXTENSION,400 E SCENIC DR ,STE 2-278,THE DALLES,OR,97058,07/31/2020,08/02/2020,7627,ASHLEY THOMPSON,APPLE LEAVES,41202,Apple,Mid Season,2.745,0.169,1.45,0.154,1.539,0.475,21,319,56,25.0,33.6,,,,0.37,,,,,,,,,,,,,,,,,,,,,,,,,,,
P,18320,THOMPSON ASHLEY,WASCO COUNTY EXTENSION,400 E SCENIC DR ,STE 2-278,THE DALLES,OR,97058,07/31/2020,08/02/2020,7628,ASHLEY THOMPSON,APPLE LEAVES,41203,Apple,Mid Season,2.563,0.276,1.68,0.151,1.816,0.440,18,287,47,25.2,41.5,,,,0.36,,,,,,,,,,,,,,,,,,,,,,,,,,,
P,18320,THOMPSON ASHLEY,WASCO COUNTY EXTENSION,400 E SCENIC DR ,STE 2-278,THE DALLES,OR,97058,07/31/2020,08/02/2020,7629,ASHLEY THOMPSON,APPLE LEAVES,41204,Apple,Mid Season,2.450,0.294,1.90,0.145,1.399,0.259,16,270,34,40.1,37.1,,,,0.05,,,,,,,,,,,,,,,,,,,,,,,,,,,
P,18320,THOMPSON ASHLEY,WASCO COUNTY EXTENSION,400 E SCENIC DR ,STE 2-278,THE DALLES,OR,97058,07/31/2020,08/02/2020,7630,ASHLEY THOMPSON,APPLE LEAVES,41205,Apple,Mid Season,2.732,0.255,1.66,0.157,1.865,0.471,16,251,59,34.7,37.6,,,,0.06,,,,,,,,,,,,,,,,,,,,,,,,,,,
P,18320,THOMPSON ASHLEY,WASCO COUNTY EXTENSION,400 E SCENIC DR ,STE 2-278,THE DALLES,OR,97058,07/31/2020,08/02/2020,7631,ASHLEY THOMPSON,APPLE LEAVES,41206,Apple,Mid Season,2.568,0.223,1.51,0.147,1.752,0.408,18,232,39,23.9,37.1,,,,0.38,,,,,,,,,,,,,,,,,,,,,,,,,,,
P,18320,THOMPSON ASHLEY,WASCO COUNTY EXTENSION,400 E SCENIC DR ,STE 2-278,THE DALLES,OR,97058,07/31/2020,08/02/2020,7632,ASHLEY THOMPSON,APPLE LEAVES,41207,Apple,Mid Season,2.637,0.248,1.44,0.145,1.542,0.444,15,244,52,30.5,36.7,,,,0.25,,,,,,,,,,,,,,,,,,,,,,,,,,,
P,18320,THOMPSON ASHLEY,WASCO COUNTY EXTENSION,400 E SCENIC DR ,STE 2-278,THE DALLES,OR,97058,07/31/2020,08/02/2020,7633,ASHLEY THOMPSON,APPLE LEAVES,41208,Apple,Mid Season,2.385,0.200,1.33,0.138,1.467,0.304,17,191,30,31.3,33.9,,,,0.11,,,,,,,,,,,,,,,,,,,,,,,,,,,
P,18320,THOMPSON ASHLEY,WASCO COUNTY EXTENSION,400 E SCENIC DR ,STE 2-278,THE DALLES,OR,97058,07/31/2020,08/02/2020,7634,ASHLEY THOMPSON,APPLE LEAVES,41209,Apple,Mid Season,2.298,0.451,2.16,0.148,1.665,0.462,17,213,62,38.0,48.3,,,,0.34,,,,,,,,,,,,,,,,,,,,,,,,,,,
P,18320,THOMPSON ASHLEY,WASCO COUNTY EXTENSION,400 E SCENIC DR ,STE 2-278,THE DALLES,OR,97058,07/31/2020,08/02/2020,7635,ASHLEY THOMPSON,APPLE LEAVES,41210,Apple,Mid Season,2.330,0.254,1.68,0.143,1.458,0.456,38,263,32,34.7,37.6,,,,0.38,,,,,,,,,,,,,,,,,,,,,,,,,,,
P,18320,THOMPSON ASHLEY,WASCO COUNTY EXTENSION,400 E SCENIC DR ,STE 2-278,THE DALLES,OR,97058,07/31/2020,08/02/2020,7636,ASHLEY THOMPSON,APPLE LEAVES,41211,Apple,Mid Season,2.531,0.243,1.84,0.149,1.544,0.416,28,222,28,30.7,37.9,,,,0.26,,,,,,,,,,,,,,,,,,,,,,,,,,,
P,18320,THOMPSON ASHLEY,WASCO COUNTY EXTENSION,400 E SCENIC DR ,STE 2-278,THE DALLES,OR,97058,07/31/2020,08/02/2020,7637,ASHLEY THOMPSON,APPLE LEAVES,41212,Apple,Mid Season,2.540,0.374,2.22,0.144,1.728,0.398,25,320,30,28.1,36.5,,,,0.39,,,,,,,,,,,,,,,,,,,,,,,,,,,
P,18320,THOMPSON ASHLEY,WASCO COUNTY EXTENSION,400 E SCENIC DR ,STE 2-278,THE DALLES,OR,97058,07/31/2020,08/02/2020,7638,ASHLEY THOMPSON,APPLE LEAVES,41213,Apple,Mid Season,2.566,0.337,1.90,0.158,1.589,0.526,20,236,36,27.9,37.2,,,,0.58,,,,,,,,,,,,,,,,,,,,,,,,,,,
P,18320,THOMPSON ASHLEY,WASCO COUNTY EXTENSION,400 E SCENIC DR ,STE 2-278,THE DALLES,OR,97058,07/31/2020,08/02/2020,7639,ASHLEY THOMPSON,APPLE LEAVES,41214,Apple,Mid Season,2.119,0.329,1.90,0.138,1.552,0.483,21,211,44,32.0,29.6,,,,0.54,,,,,,,,,,,,,,,,,,,,,,,,,,,
P,18320,THOMPSON ASHLEY,WASCO COUNTY EXTENSION,400 E SCENIC DR ,STE 2-278,THE DALLES,OR,97058,07/31/2020,08/02/2020,7640,ASHLEY THOMPSON,APPLE LEAVES,41215,Apple,Mid Season,2.351,0.281,1.99,0.137,1.522,0.377,19,268,33,33.9,32.4,,,,0.17,,,,,,,,,,,,,,,,,,,,,,,,,,,
P,18320,THOMPSON ASHLEY,WASCO COUNTY EXTENSION,400 E SCENIC DR ,STE 2-278,THE DALLES,OR,97058,07/31/2020,08/02/2020,7641,ASHLEY THOMPSON,APPLE LEAVES,41216,Apple,Mid Season,2.194,0.409,2.35,0.149,1.618,0.464,20,358,60,26.4,31.9,,,,0.37,,,,,,,,,,,,,,,,,,,,,,,,,,,
P,18320,THOMPSON ASHLEY,WASCO COUNTY EXTENSION,400 E SCENIC DR ,STE 2-278,THE DALLES,OR,97058,07/31/2020,08/02/2020,7642,ASHLEY THOMPSON,APPLE LEAVES,41217,Apple,Mid Season,2.311,0.228,1.66,0.134,1.353,0.395,16,248,34,28.4,29.2,,,,0.59,,,,,,,,,,,,,,,,,,,,,,,,,,,
P,18320,THOMPSON ASHLEY,WASCO COUNTY EXTENSION,400 E SCENIC DR ,STE 2-278,THE DALLES,OR,97058,07/31/2020,08/02/2020,7643,ASHLEY THOMPSON,APPLE LEAVES,41218,Apple,Mid Season,2.278,0.313,2.13,0.133,1.790,0.374,17,228,32,22.4,37.3,,,,0.33,,,,,,,,,,,,,,,,,,,,,,,,,,,
P,18320,THOMPSON ASHLEY,WASCO COUNTY EXTENSION,400 E SCENIC DR ,STE 2-278,THE DALLES,OR,97058,07/31/2020,08/02/2020,7644,ASHLEY THOMPSON,APPLE LEAVES,41219,Apple,Mid Season,2.440,0.290,1.76,0.149,1.857,0.455,18,321,53,27.8,44.5,,,,0.50,,,,,,,,,,,,,,,,,,,,,,,,,,,
P,18320,THOMPSON ASHLEY,WASCO COUNTY EXTENSION,400 E SCENIC DR ,STE 2-278,THE DALLES,OR,97058,07/31/2020,08/02/2020,7645,ASHLEY THOMPSON,APPLE LEAVES,41220,Apple,Mid Season,2.476,0.279,1.71,0.147,1.418,0.414,17,303,47,25.3,47.3,,,,0.50,,,,,,,,,,,,,,,,,,,,,,,,,,,
P,18320,THOMPSON ASHLEY,WASCO COUNTY EXTENSION,400 E SCENIC DR ,STE 2-278,THE DALLES,OR,97058,07/31/2020,08/02/2020,7646,ASHLEY THOMPSON,APPLE LEAVES,41221,Apple,Mid Season,2.515,0.210,1.54,0.148,1.713,0.452,18,358,59,31.6,36.2,,,,0.12,,,,,,,,,,,,,,,,,,,,,,,,,,,
P,18320,THOMPSON ASHLEY,WASCO COUNTY EXTENSION,400 E SCENIC DR ,STE 2-278,THE DALLES,OR,97058,07/31/2020,08/02/2020,7647,ASHLEY THOMPSON,APPLE LEAVES,41222,Apple,Mid Season,2.539,0.299,1.44,0.141,1.703,0.419,16,287,56,26.1,34.8,,,,0.21,,,,,,,,,,,,,,,,,,,,,,,,,,,
P,18320,THOMPSON ASHLEY,WASCO COUNTY EXTENSION,400 E SCENIC DR ,STE 2-278,THE DALLES,OR,97058,07/31/2020,08/02/2020,7648,ASHLEY THOMPSON,APPLE LEAVES,41223,Apple,Mid Season,2.288,0.253,1.67,0.144,1.609,0.408,20,312,48,37.0,38.8,,,,0.12,,,,,,,,,,,,,,,,,,,,,,,,,,,
P,18320,THOMPSON ASHLEY,WASCO COUNTY EXTENSION,400 E SCENIC DR ,STE 2-278,THE DALLES,OR,97058,07/31/2020,08/02/2020,7649,ASHLEY THOMPSON,APPLE LEAVES,41224,Apple,Mid Season,2.562,0.180,1.29,0.136,1.224,0.390,12,220,37,25.5,38.8,,,,0.23,,,,,,,,,,,,,,,,,,,,,,,,,,,
P,18320,THOMPSON ASHLEY,WASCO COUNTY EXTENSION,400 E SCENIC DR ,STE 2-278,THE DALLES,OR,97058,07/31/2020,08/02/2020,7650,ASHLEY THOMPSON,APPLE LEAVES,41225,Apple,Mid Season,2.583,0.228,1.30,0.152,1.726,0.484,15,281,34,36.9,34.3,,,,0.25,,,,,,,,,,,,,,,,,,,,,,,,,,,
P,18320,THOMPSON ASHLEY,WASCO COUNTY EXTENSION,400 E SCENIC DR ,STE 2-278,THE DALLES,OR,97058,07/31/2020,08/02/2020,7651,ASHLEY THOMPSON,APPLE LEAVES,41226,Apple,Mid Season,2.439,0.190,1.41,0.143,1.754,0.426,18,304,23,36.0,34.0,,,,0.22,,,,,,,,,,,,,,,,,,,,,,,,,,,
P,18320,THOMPSON ASHLEY,WASCO COUNTY EXTENSION,400 E SCENIC DR ,STE 2-278,THE DALLES,OR,97058,07/31/2020,08/02/2020,7652,ASHLEY THOMPSON,APPLE LEAVES,41227,Apple,Mid Season,2.249,0.225,1.42,0.131,1.566,0.340,14,192,25,25.7,33.2,,,,0.15,,,,,,,,,,,,,,,,,,,,,,,,,,,
P,18320,THOMPSON ASHLEY,WASCO COUNTY EXTENSION,400 E SCENIC DR ,STE 2-278,THE DALLES,OR,97058,07/31/2020,08/02/2020,7653,ASHLEY THOMPSON,APPLE LEAVES,41228,Apple,Mid Season,2.521,0.313,1.77,0.149,1.522,0.392,16,319,32,32.8,33.4,,,,0.27,,,,,,,,,,,,,,,,,,,,,,,,,,,
P,18320,THOMPSON ASHLEY,WASCO COUNTY EXTENSION,400 E SCENIC DR ,STE 2-278,THE DALLES,OR,97058,07/31/2020,08/02/2020,7654,ASHLEY THOMPSON,APPLE LEAVES,41229,Apple,Mid Season,2.507,0.314,1.66,0.151,1.840,0.524,21,361,54,31.8,27.1,,,,0.15,,,,,,,,,,,,,,,,,,,,,,,,,,,
P,18320,THOMPSON ASHLEY,WASCO COUNTY EXTENSION,400 E SCENIC DR ,STE 2-278,THE DALLES,OR,97058,07/31/2020,08/02/2020,7655,ASHLEY THOMPSON,APPLE LEAVES,41230,Apple,Mid Season,2.358,0.336,1.89,0.142,1.770,0.500,16,355,50,29.8,29.0,,,,0.29,,,,,,,,,,,,,,,,,,,,,,,,,,,
P,18320,THOMPSON ASHLEY,WASCO COUNTY EXTENSION,400 E SCENIC DR ,STE 2-278,THE DALLES,OR,97058,07/31/2020,08/02/2020,7656,ASHLEY THOMPSON,APPLE LEAVES,41231,Apple,Mid Season,2.451,0.400,2.17,0.159,1.722,0.475,18,341,44,27.7,31.7,,,,0.29,,,,,,,,,,,,,,,,,,,,,,,,,,,
P,18320,THOMPSON ASHLEY,WASCO COUNTY EXTENSION,400 E SCENIC DR ,STE 2-278,THE DALLES,OR,97058,07/31/2020,08/02/2020,7657,ASHLEY THOMPSON,APPLE LEAVES,41232,Apple,Mid Season,2.248,0.387,2.11,0.151,1.628,0.347,20,304,28,28.6,31.6,,,,0.24,,,,,,,,,,,,,,,,,,,,,,,,,,,
P,18320,THOMPSON ASHLEY,WASCO COUNTY EXTENSION,400 E SCENIC DR ,STE 2-278,THE DALLES,OR,97058,07/31/2020,08/02/2020,7658,ASHLEY THOMPSON,APPLE LEAVES,41233,Apple,Mid Season,2.215,0.328,1.73,0.152,1.520,0.372,22,285,30,21.9,31.1,,,,0.05,,,,,,,,,,,,,,,,,,,,,,,,,,,
P,18320,THOMPSON ASHLEY,WASCO COUNTY EXTENSION,400 E SCENIC DR ,STE 2-278,THE DALLES,OR,97058,07/31/2020,08/02/2020,7659,ASHLEY THOMPSON,APPLE LEAVES,41234,Apple,Mid Season,2.250,0.236,1.71,0.138,1.334,0.362,26,335,45,21.9,43.6,,,,0.26,,,,,,,,,,,,,,,,,,,,,,,,,,,
P,18320,THOMPSON ASHLEY,WASCO COUNTY EXTENSION,400 E SCENIC DR ,STE 2-278,THE DALLES,OR,97058,07/31/2020,08/02/2020,7660,ASHLEY THOMPSON,APPLE LEAVES,41235,Apple,Mid Season,2.485,0.435,2.07,0.142,1.438,0.337,17,266,36,25.1,45.0,,,,0.49,,,,,,,,,,,,,,,,,,,,,,,,,,,
P,18320,THOMPSON ASHLEY,WASCO COUNTY EXTENSION,400 E SCENIC DR ,STE 2-278,THE DALLES,OR,97058,07/31/2020,08/02/2020,7661,ASHLEY THOMPSON,APPLE LEAVES,41236,Apple,Mid Season,2.117,0.279,1.80,0.138,1.426,0.340,17,303,40,34.1,40.7,,,,0.44,,,,,,,,,,,,,,,,,,,,,,,,,,,
P,18320,THOMPSON ASHLEY,WASCO COUNTY EXTENSION,400 E SCENIC DR ,STE 2-278,THE DALLES,OR,97058,07/31/2020,08/02/2020,7662,ASHLEY THOMPSON,APPLE LEAVES,41237,Apple,Mid Season,2.433,0.315,1.61,0.138,1.565,0.393,16,272,38,31.7,35.3,,,,0.34,,,,,,,,,,,,,,,,,,,,,,,,,,,
P,18320,THOMPSON ASHLEY,WASCO COUNTY EXTENSION,400 E SCENIC DR ,STE 2-278,THE DALLES,OR,97058,07/31/2020,08/02/2020,7663,ASHLEY THOMPSON,APPLE LEAVES,41238,Apple,Mid Season,2.257,0.245,1.51,0.136,1.454,0.386,15,211,41,28.2,34.7,,,,0.29,,,,,,,,,,,,,,,,,,,,,,,,,,,
P,18320,THOMPSON ASHLEY,WASCO COUNTY EXTENSION,400 E SCENIC DR ,STE 2-278,THE DALLES,OR,97058,07/31/2020,08/02/2020,7664,ASHLEY THOMPSON,APPLE LEAVES,41239,Apple,Mid Season,2.360,0.265,1.76,0.132,1.443,0.356,15,266,32,29.6,39.3,,,,0.42,,,,,,,,,,,,,,,,,,,,,,,,,,,
P,18320,THOMPSON ASHLEY,WASCO COUNTY EXTENSION,400 E SCENIC DR ,STE 2-278,THE DALLES,OR,97058,07/31/2020,08/02/2020,7665,ASHLEY THOMPSON,APPLE LEAVES,41240,Apple,Mid Season,2.439,0.335,1.36,0.143,1.973,0.521,15,217,37,31.2,35.4,,,,0.19,,,,,,,,,,,,,,,,,,,,,,,,,,,
P,18320,THOMPSON ASHLEY,WASCO COUNTY EXTENSION,400 E SCENIC DR ,STE 2-278,THE DALLES,OR,97058,07/31/2020,08/02/2020,7666,ASHLEY THOMPSON,APPLE LEAVES,41241,Apple,Mid Season,2.430,0.257,1.77,0.151,1.720,0.368,16,313,29,35.1,35.7,,,,0.17,,,,,,,,,,,,,,,,,,,,,,,,,,,
P,18320,THOMPSON ASHLEY,WASCO COUNTY EXTENSION,400 E SCENIC DR ,STE 2-278,THE DALLES,OR,97058,07/31/2020,08/02/2020,7667,ASHLEY THOMPSON,APPLE LEAVES,41242,Apple,Mid Season,2.375,0.351,2.24,0.148,1.348,0.321,16,300,32,29.0,43.8,,,,0.34,,,,,,,,,,,,,,,,,,,,,,,,,,,
P,18320,THOMPSON ASHLEY,WASCO COUNTY EXTENSION,400 E SCENIC DR ,STE 2-278,THE DALLES,OR,97058,07/31/2020,08/02/2020,7668,ASHLEY THOMPSON,APPLE LEAVES,41243,Apple,Mid Season,2.320,0.381,1.90,0.135,1.629,0.413,16,262,30,35.8,30.0,,,,0.15,,,,,,,,,,,,,,,,,,,,,,,,,,,
P,18320,THOMPSON ASHLEY,WASCO COUNTY EXTENSION,400 E SCENIC DR ,STE 2-278,THE DALLES,OR,97058,07/31/2020,08/02/2020,7669,ASHLEY THOMPSON,APPLE LEAVES,41244,Apple,Mid Season,2.418,0.365,1.94,0.144,1.627,0.454,17,238,40,29.2,30.6,,,,0.15,,,,,,,,,,,,,,,,,,,,,,,,,,,
P,18320,THOMPSON ASHLEY,WASCO COUNTY EXTENSION,400 E SCENIC DR ,STE 2-278,THE DALLES,OR,97058,07/31/2020,08/02/2020,7670,ASHLEY THOMPSON,APPLE LEAVES,41245,Apple,Mid Season,2.501,0.228,1.84,0.144,1.595,0.430,18,213,39,29.7,28.7,,,,0.48,,,,,,,,,,,,,,,,,,,,,,,,,,,
P,18320,THOMPSON ASHLEY,WASCO COUNTY EXTENSION,400 E SCENIC DR ,STE 2-278,THE DALLES,OR,97058,07/31/2020,08/02/2020,7671,ASHLEY THOMPSON,APPLE LEAVES,41246,Apple,Mid Season,2.382,0.272,1.76,0.138,1.379,0.369,15,242,39,28.9,26.3,,,,0.10,,,,,,,,,,,,,,,,,,,,,,,,,,,
P,18320,THOMPSON ASHLEY,WASCO COUNTY EXTENSION,400 E SCENIC DR ,STE 2-278,THE DALLES,OR,97058,07/31/2020,08/02/2020,7672,ASHLEY THOMPSON,APPLE LEAVES,41247,Apple,Mid Season,2.309,0.390,2.12,0.165,1.884,0.441,18,237,40,32.8,32.8,,,,0.60,,,,,,,,,,,,,,,,,,,,,,,,,,,
P,18320,THOMPSON ASHLEY,WASCO COUNTY EXTENSION,400 E SCENIC DR ,STE 2-278,THE DALLES,OR,97058,07/31/2020,08/02/2020,7673,ASHLEY THOMPSON,APPLE LEAVES,41248,Apple,Mid Season,2.226,0.459,2.04,0.146,1.477,0.341,17,213,30,34.0,33.5,,,,0.43,,,,,,,,,,,,,,,,,,,,,,,,,,,
P,18320,THOMPSON ASHLEY,WASCO COUNTY EXTENSION,400 E SCENIC DR ,STE 2-278,THE DALLES,OR,97058,07/31/2020,08/02/2020,7674,ASHLEY THOMPSON,APPLE LEAVES,41573,Apple,Mid Season,2.483,0.333,1.94,0.148,1.522,0.292,15,337,45,31.3,36.3,,,,0.39,,,,,,,,,,,,,,,,,,,,,,,,,,,
P,18320,THOMPSON ASHLEY,WASCO COUNTY EXTENSION,400 E SCENIC DR ,STE 2-278,THE DALLES,OR,97058,07/31/2020,08/02/2020,7675,ASHLEY THOMPSON,APPLE LEAVES,41574,Apple,Mid Season,2.532,0.263,1.65,0.138,1.508,0.275,13,213,41,20.6,34.9,,,,0.12,,,,,,,,,,,,,,,,,,,,,,,,,,,
P,18320,THOMPSON ASHLEY,WASCO COUNTY EXTENSION,400 E SCENIC DR ,STE 2-278,THE DALLES,OR,97058,07/31/2020,08/02/2020,7676,ASHLEY THOMPSON,APPLE LEAVES,41575,Apple,Mid Season,2.536,0.178,1.49,0.146,1.645,0.406,28,249,55,29.4,32.4,,,,0.43,,,,,,,,,,,,,,,,,,,,,,,,,,,
P,18320,THOMPSON ASHLEY,WASCO COUNTY EXTENSION,400 E SCENIC DR ,STE 2-278,THE DALLES,OR,97058,07/31/2020,08/02/2020,7677,ASHLEY THOMPSON,APPLE LEAVES,41576,Apple,Mid Season,2.048,0.242,1.65,0.126,1.391,0.315,31,209,39,22.8,35.0,,,,0.16,,,,,,,,,,,,,,,,,,,,,,,,,,,
P,18320,THOMPSON ASHLEY,WASCO COUNTY EXTENSION,400 E SCENIC DR ,STE 2-278,THE DALLES,OR,97058,07/31/2020,08/02/2020,7678,ASHLEY THOMPSON,APPLE LEAVES,41577,Apple,Mid Season,2.273,0.383,1.65,0.134,1.651,0.391,19,211,43,33.6,36.5,,,,0.30,,,,,,,,,,,,,,,,,,,,,,,,,,,
P,18320,THOMPSON ASHLEY,WASCO COUNTY EXTENSION,400 E SCENIC DR ,STE 2-278,THE DALLES,OR,97058,07/31/2020,08/02/2020,7679,ASHLEY THOMPSON,APPLE LEAVES,41578,Apple,Mid Season,2.458,0.198,1.20,0.141,1.590,0.567,35,219,62,28.7,31.2,,,,0.18,,,,,,,,,,,,,,,,,,,,,,,,,,,
P,18320,THOMPSON ASHLEY,WASCO COUNTY EXTENSION,400 E SCENIC DR ,STE 2-278,THE DALLES,OR,97058,07/31/2020,08/02/2020,7680,ASHLEY THOMPSON,APPLE LEAVES,41579,Apple,Mid Season,2.458,0.219,1.58,0.148,1.309,0.384,14,253,38,27.1,42.3,,,,0.17,,,,,,,,,,,,,,,,,,,,,,,,,,,
P,18320,THOMPSON ASHLEY,WASCO COUNTY EXTENSION,400 E SCENIC DR ,STE 2-278,THE DALLES,OR,97058,07/31/2020,08/02/2020,7681,ASHLEY THOMPSON,APPLE LEAVES,41580,Apple,Mid Season,2.374,0.319,1.84,0.148,1.600,0.397,17,226,42,35.9,40.3,,,,0.51,,,,,,,,,,,,,,,,,,,,,,,,,,,
P,18320,THOMPSON ASHLEY,WASCO COUNTY EXTENSION,400 E SCENIC DR ,STE 2-278,THE DALLES,OR,97058,07/31/2020,08/02/2020,7682,ASHLEY THOMPSON,APPLE LEAVES,41581,Apple,Mid Season,2.509,0.244,1.41,0.154,1.453,0.444,17,176,36,30.9,38.0,,,,0.37,,,,,,,,,,,,,,,,,,,,,,,,,,,
P,18320,THOMPSON ASHLEY,WASCO COUNTY EXTENSION,400 E SCENIC DR ,STE 2-278,THE DALLES,OR,97058,07/31/2020,08/02/2020,7683,ASHLEY THOMPSON,APPLE LEAVES,41582,Apple,Mid Season,2.301,0.302,1.73,0.132,1.495,0.362,28,230,32,24.3,36.9,,,,0.10,,,,,,,,,,,,,,,,,,,,,,,,,,,
P,18320,THOMPSON ASHLEY,WASCO COUNTY EXTENSION,400 E SCENIC DR ,STE 2-278,THE DALLES,OR,97058,07/31/2020,08/02/2020,7684,ASHLEY THOMPSON,APPLE LEAVES,41583,Apple,Mid Season,2.442,0.253,1.61,0.141,1.621,0.417,19,215,29,31.4,36.4,,,,0.29,,,,,,,,,,,,,,,,,,,,,,,,,,,
P,18320,THOMPSON ASHLEY,WASCO COUNTY EXTENSION,400 E SCENIC DR ,STE 2-278,THE DALLES,OR,97058,07/31/2020,08/02/2020,7685,ASHLEY THOMPSON,APPLE LEAVES,41584,Apple,Mid Season,2.770,0.183,1.53,0.153,1.484,0.364,16,226,29,42.3,30.5,,,,0.09,,,,,,,,,,,,,,,,,,,,,,,,,,,
P,18320,THOMPSON ASHLEY,WASCO COUNTY EXTENSION,400 E SCENIC DR ,STE 2-278,THE DALLES,OR,97058,07/31/2020,08/02/2020,7686,ASHLEY THOMPSON,APPLE LEAVES,41585,Apple,Mid Season,2.504,0.244,1.43,0.137,1.388,0.356,19,217,36,31.4,28.8,,,,0.14,,,,,,,,,,,,,,,,,,,,,,,,,,,
P,18320,THOMPSON ASHLEY,WASCO COUNTY EXTENSION,400 E SCENIC DR ,STE 2-278,THE DALLES,OR,97058,07/31/2020,08/02/2020,7687,ASHLEY THOMPSON,APPLE LEAVES,41586,Apple,Mid Season,2.430,0.285,1.90,0.143,1.459,0.439,39,215,38,27.4,35.2,,,,0.15,,,,,,,,,,,,,,,,,,,,,,,,,,,
P,18320,THOMPSON ASHLEY,WASCO COUNTY EXTENSION,400 E SCENIC DR ,STE 2-278,THE DALLES,OR,97058,07/31/2020,08/02/2020,7688,ASHLEY THOMPSON,APPLE LEAVES,41587,Apple,Mid Season,2.138,0.379,2.28,0.146,1.516,0.437,19,298,36,36.3,34.3,,,,0.38,,,,,,,,,,,,,,,,,,,,,,,,,,,
P,18320,THOMPSON ASHLEY,WASCO COUNTY EXTENSION,400 E SCENIC DR ,STE 2-278,THE DALLES,OR,97058,07/31/2020,08/02/2020,7689,ASHLEY THOMPSON,APPLE LEAVES,41588,Apple,Mid Season,2.281,0.337,2.12,0.141,1.555,0.431,13,212,36,30.4,28.9,,,,0.36,,,,,,,,,,,,,,,,,,,,,,,,,,,
P,18320,THOMPSON ASHLEY,WASCO COUNTY EXTENSION,400 E SCENIC DR ,STE 2-278,THE DALLES,OR,97058,07/31/2020,08/02/2020,7690,ASHLEY THOMPSON,APPLE LEAVES,41589,Apple,Mid Season,2.283,0.301,2.28,0.142,1.478,0.352,12,179,24,28.6,33.0,,,,0.24,,,,,,,,,,,,,,,,,,,,,,,,,,,
P,18320,THOMPSON ASHLEY,WASCO COUNTY EXTENSION,400 E SCENIC DR ,STE 2-278,THE DALLES,OR,97058,07/31/2020,08/02/2020,7691,ASHLEY THOMPSON,APPLE LEAVES,41590,Apple,Mid Season,2.048,0.332,2.39,0.129,1.447,0.304,12,224,25,27.9,31.6,,,,0.16,,,,,,,,,,,,,,,,,,,,,,,,,,,
P,18320,THOMPSON ASHLEY,WASCO COUNTY EXTENSION,400 E SCENIC DR ,STE 2-278,THE DALLES,OR,97058,07/31/2020,08/02/2020,7692,ASHLEY THOMPSON,APPLE LEAVES,41591,Apple,Mid Season,2.346,0.246,1.88,0.141,1.396,0.354,19,323,43,18.8,40.9,,,,0.25,,,,,,,,,,,,,,,,,,,,,,,,,,,
P,18320,THOMPSON ASHLEY,WASCO COUNTY EXTENSION,400 E SCENIC DR ,STE 2-278,THE DALLES,OR,97058,07/31/2020,08/02/2020,7693,ASHLEY THOMPSON,APPLE LEAVES,41592,Apple,Mid Season,1.977,0.362,2.06,0.127,1.408,0.312,19,254,35,20.6,40.8,,,,0.38,,,,,,,,,,,,,,,,,,,,,,,,,,,
P,18320,THOMPSON ASHLEY,WASCO COUNTY EXTENSION,400 E SCENIC DR ,STE 2-278,THE DALLES,OR,97058,07/31/2020,08/02/2020,7694,ASHLEY THOMPSON,APPLE LEAVES,41593,Apple,Mid Season,2.234,0.224,2.02,0.131,1.589,0.334,12,257,36,26.8,35.4,,,,0.22,,,,,,,,,,,,,,,,,,,,,,,,,,,
P,18320,THOMPSON ASHLEY,WASCO COUNTY EXTENSION,400 E SCENIC DR ,STE 2-278,THE DALLES,OR,97058,07/31/2020,08/02/2020,7695,ASHLEY THOMPSON,APPLE LEAVES,41594,Apple,Mid Season,2.510,0.277,1.69,0.154,1.541,0.427,13,234,45,29.7,39.0,,,,0.28,,,,,,,,,,,,,,,,,,,,,,,,,,,
P,18320,THOMPSON ASHLEY,WASCO COUNTY EXTENSION,400 E SCENIC DR ,STE 2-278,THE DALLES,OR,97058,07/31/2020,08/02/2020,7696,ASHLEY THOMPSON,APPLE LEAVES,41595,Apple,Mid Season,2.533,0.196,1.63,0.145,1.406,0.437,14,253,44,32.5,42.8,,,,0.24,,,,,,,,,,,,,,,,,,,,,,,,,,,
P,18320,THOMPSON ASHLEY,WASCO COUNTY EXTENSION,400 E SCENIC DR ,STE 2-278,THE DALLES,OR,97058,07/31/2020,08/02/2020,7697,ASHLEY THOMPSON,APPLE LEAVES,41596,Apple,Mid Season,2.540,0.374,1.59,0.154,1.645,0.425,12,183,44,31.0,32.4,,,,0.07,,,,,,,,,,,,,,,,,,,,,,,,,,,
P,18320,THOMPSON ASHLEY,WASCO COUNTY EXTENSION,400 E SCENIC DR ,STE 2-278,THE DALLES,OR,97058,07/31/2020,08/02/2020,7698,ASHLEY THOMPSON,APPLE LEAVES,41597,Apple,Mid Season,2.425,0.268,1.57,0.149,1.548,0.437,14,289,44,22.8,35.2,,,,0.31,,,,,,,,,,,,,,,,,,,,,,,,,,,
P,18320,THOMPSON ASHLEY,WASCO COUNTY EXTENSION,400 E SCENIC DR ,STE 2-278,THE DALLES,OR,97058,07/31/2020,08/02/2020,7699,ASHLEY THOMPSON,APPLE LEAVES,41598,Apple,Mid Season,2.444,0.240,1.58,0.146,1.613,0.376,13,215,38,31.0,33.0,,,,0.48,,,,,,,,,,,,,,,,,,,,,,,,,,,
P,18320,THOMPSON ASHLEY,WASCO COUNTY EXTENSION,400 E SCENIC DR ,STE 2-278,THE DALLES,OR,97058,07/31/2020,08/02/2020,7700,ASHLEY THOMPSON,APPLE LEAVES,41599,Apple,Mid Season,2.321,0.307,1.94,0.138,1.541,0.380,12,185,33,31.4,39.4,,,,0.22,,,,,,,,,,,,,,,,,,,,,,,,,,,
P,18320,THOMPSON ASHLEY,WASCO COUNTY EXTENSION,400 E SCENIC DR ,STE 2-278,THE DALLES,OR,97058,07/31/2020,08/02/2020,7701,ASHLEY THOMPSON,APPLE LEAVES,41600,Apple,Mid Season,2.247,0.264,1.70,0.125,1.299,0.338,12,199,25,22.1,36.4,,,,0.04,,,,,,,,,,,,,,,,,,,,,,,,,,,
